,2018-05-13,2018-05-06,2018-04-29,2018-04-22,2018-04-15,2018-04-08,2018-04-01,2018-03-25,2018-03-18,2018-03-11,2018-03-04,2018-02-25,2018-02-18,2018-02-11,2018-02-04,2018-01-28,2018-01-21,2018-01-14,2018-01-07,2017-12-31,2017-12-24,2017-12-17,2017-12-10,2017-12-03,2017-11-26,2017-11-19
lowenergy,50.0,56.0,57.0,59.0,53.0,53.0,56.0,56.0,54.0,55.0,58.0,60.0,59.0,59.0,61.0,63.0,64.0,65.0,62.0,63.0,67.0,65.0,69.0,68.0,67.0,67.0
majorana,35.0,36.0,34.0,31.0,32.0,34.0,31.0,30.0,35.0,36.0,36.0,37.0,42.0,43.0,49.0,56.0,52.0,53.0,61.0,60.0,64.0,63.0,67.0,64.0,67.0,63.0
adscft,56.0,57.0,60.0,57.0,59.0,60.0,55.0,62.0,62.0,59.0,56.0,60.0,58.0,59.0,61.0,61.0,63.0,62.0,61.0,62.0,62.0,62.0,61.0,59.0,61.0,60.0
worldsheet,43.0,52.0,55.0,49.0,54.0,57.0,57.0,54.0,54.0,52.0,53.0,55.0,57.0,56.0,56.0,57.0,57.0,60.0,61.0,60.0,60.0,58.0,57.0,59.0,61.0,59.0
holography,57.0,55.0,56.0,56.0,58.0,58.0,54.0,52.0,55.0,55.0,57.0,60.0,58.0,56.0,59.0,58.0,60.0,61.0,64.0,63.0,62.0,60.0,63.0,61.0,59.0,58.0
antide,48.0,48.0,49.0,51.0,51.0,49.0,49.0,53.0,55.0,55.0,56.0,60.0,60.0,60.0,62.0,62.0,60.0,57.0,60.0,61.0,57.0,58.0,59.0,59.0,57.0,58.0
gravitons,37.0,38.0,41.0,42.0,44.0,45.0,40.0,41.0,43.0,43.0,45.0,48.0,46.0,51.0,51.0,50.0,53.0,57.0,55.0,55.0,55.0,56.0,59.0,60.0,58.0,57.0
bh,36.0,36.0,35.0,37.0,37.0,36.0,35.0,35.0,35.0,41.0,41.0,43.0,39.0,39.0,33.0,33.0,39.0,39.0,39.0,39.0,38.0,42.0,49.0,53.0,53.0,57.0
brst,59.0,61.0,61.0,54.0,60.0,69.0,69.0,71.0,69.0,65.0,65.0,63.0,66.0,62.0,61.0,59.0,59.0,63.0,62.0,61.0,61.0,61.0,56.0,55.0,57.0,56.0
generalised,28.0,27.0,27.0,31.0,28.0,32.0,32.0,37.0,38.0,38.0,39.0,45.0,42.0,43.0,48.0,46.0,48.0,50.0,51.0,53.0,51.0,53.0,54.0,51.0,55.0,56.0
lowest,41.0,44.0,43.0,45.0,44.0,46.0,48.0,46.0,46.0,46.0,49.0,50.0,48.0,47.0,46.0,46.0,46.0,49.0,48.0,48.0,46.0,49.0,49.0,52.0,56.0,55.0
mathcal,26.0,28.0,30.0,30.0,46.0,44.0,40.0,40.0,42.0,42.0,41.0,41.0,42.0,42.0,41.0,39.0,39.0,44.0,44.0,45.0,45.0,40.0,39.0,46.0,51.0,54.0
instanton,73.0,74.0,71.0,67.0,67.0,67.0,69.0,67.0,68.0,64.0,64.0,62.0,62.0,60.0,61.0,64.0,66.0,68.0,64.0,63.0,63.0,62.0,62.0,59.0,55.0,53.0
compactifications,46.0,48.0,51.0,51.0,53.0,55.0,56.0,55.0,52.0,50.0,52.0,54.0,57.0,54.0,55.0,55.0,57.0,60.0,61.0,63.0,67.0,54.0,51.0,53.0,53.0,53.0
fourpoint,54.0,59.0,58.0,61.0,66.0,64.0,62.0,60.0,59.0,61.0,60.0,58.0,61.0,60.0,59.0,58.0,57.0,58.0,58.0,57.0,59.0,57.0,57.0,53.0,54.0,52.0
gluon,46.0,46.0,46.0,46.0,43.0,44.0,43.0,45.0,42.0,42.0,41.0,43.0,40.0,41.0,41.0,38.0,41.0,42.0,42.0,41.0,40.0,41.0,49.0,50.0,49.0,52.0
manybody,39.0,40.0,38.0,39.0,39.0,43.0,52.0,57.0,58.0,56.0,57.0,57.0,57.0,57.0,57.0,54.0,54.0,54.0,50.0,52.0,52.0,51.0,49.0,46.0,47.0,52.0
slowroll,51.0,51.0,54.0,56.0,51.0,48.0,48.0,49.0,49.0,50.0,55.0,53.0,55.0,52.0,50.0,49.0,51.0,54.0,56.0,59.0,56.0,52.0,53.0,52.0,53.0,51.0
quasinormal,52.0,54.0,59.0,61.0,59.0,58.0,56.0,52.0,48.0,47.0,54.0,57.0,54.0,56.0,60.0,59.0,63.0,65.0,62.0,63.0,60.0,55.0,54.0,49.0,50.0,50.0
mathbb,25.0,25.0,25.0,27.0,29.0,29.0,33.0,33.0,34.0,33.0,36.0,37.0,38.0,38.0,37.0,41.0,41.0,42.0,42.0,43.0,44.0,38.0,39.0,49.0,50.0,50.0
higherspin,27.0,27.0,37.0,38.0,35.0,34.0,34.0,34.0,38.0,37.0,37.0,40.0,40.0,40.0,38.0,39.0,41.0,41.0,47.0,50.0,46.0,43.0,51.0,50.0,49.0,49.0
simplest,45.0,42.0,40.0,40.0,40.0,42.0,43.0,46.0,46.0,46.0,51.0,49.0,52.0,48.0,47.0,47.0,47.0,46.0,47.0,48.0,49.0,49.0,50.0,51.0,50.0,48.0
renyi,25.0,23.0,24.0,21.0,21.0,21.0,20.0,28.0,28.0,31.0,28.0,28.0,24.0,28.0,28.0,30.0,30.0,30.0,31.0,31.0,39.0,41.0,42.0,42.0,46.0,48.0
superfield,30.0,32.0,34.0,34.0,35.0,38.0,40.0,42.0,44.0,45.0,46.0,46.0,52.0,52.0,52.0,52.0,54.0,52.0,50.0,51.0,50.0,51.0,48.0,47.0,44.0,48.0
offshell,38.0,38.0,40.0,40.0,42.0,43.0,46.0,47.0,46.0,45.0,43.0,41.0,39.0,43.0,41.0,43.0,45.0,46.0,45.0,50.0,51.0,49.0,52.0,51.0,50.0,47.0
ftheory,44.0,43.0,44.0,45.0,44.0,46.0,50.0,50.0,52.0,47.0,47.0,47.0,43.0,43.0,43.0,42.0,40.0,39.0,39.0,42.0,52.0,47.0,47.0,48.0,48.0,47.0
earlier,73.0,72.0,68.0,68.0,64.0,63.0,63.0,61.0,63.0,62.0,58.0,55.0,52.0,54.0,50.0,51.0,50.0,51.0,52.0,52.0,50.0,49.0,49.0,48.0,46.0,47.0
orbifold,40.0,41.0,41.0,42.0,40.0,37.0,33.0,37.0,36.0,36.0,37.0,41.0,41.0,42.0,44.0,47.0,49.0,51.0,53.0,52.0,51.0,48.0,49.0,47.0,46.0,47.0
kerr,60.0,62.0,68.0,66.0,59.0,53.0,51.0,55.0,54.0,48.0,43.0,45.0,44.0,45.0,44.0,43.0,41.0,45.0,45.0,47.0,46.0,43.0,42.0,46.0,44.0,47.0
energymomentum,57.0,58.0,56.0,58.0,59.0,58.0,52.0,54.0,53.0,51.0,52.0,51.0,53.0,50.0,51.0,51.0,50.0,50.0,54.0,53.0,53.0,53.0,55.0,55.0,54.0,46.0
coordinate,65.0,67.0,67.0,68.0,67.0,64.0,64.0,63.0,62.0,62.0,62.0,59.0,57.0,56.0,56.0,57.0,59.0,60.0,61.0,62.0,58.0,57.0,55.0,54.0,54.0,46.0
electroweak,41.0,41.0,40.0,38.0,35.0,36.0,38.0,40.0,35.0,40.0,39.0,34.0,32.0,32.0,33.0,34.0,38.0,39.0,39.0,40.0,38.0,40.0,43.0,43.0,48.0,46.0
spinors,53.0,53.0,54.0,57.0,61.0,61.0,59.0,61.0,60.0,60.0,64.0,58.0,57.0,52.0,50.0,52.0,40.0,40.0,41.0,42.0,42.0,42.0,42.0,44.0,46.0,46.0
tduality,44.0,46.0,45.0,46.0,50.0,49.0,49.0,50.0,46.0,37.0,39.0,40.0,38.0,40.0,41.0,41.0,43.0,44.0,44.0,49.0,50.0,50.0,46.0,42.0,46.0,45.0
witten,32.0,33.0,30.0,31.0,34.0,33.0,31.0,33.0,34.0,33.0,35.0,35.0,39.0,37.0,36.0,37.0,42.0,42.0,47.0,46.0,46.0,43.0,43.0,41.0,45.0,45.0
horndeski,38.0,40.0,39.0,42.0,47.0,45.0,44.0,45.0,38.0,39.0,37.0,38.0,39.0,39.0,42.0,42.0,37.0,40.0,45.0,44.0,42.0,42.0,44.0,44.0,43.0,45.0
hooft,55.0,56.0,58.0,59.0,60.0,59.0,57.0,56.0,54.0,54.0,52.0,50.0,51.0,45.0,43.0,44.0,46.0,45.0,46.0,45.0,47.0,48.0,47.0,51.0,44.0,44.0
compactification,53.0,53.0,53.0,55.0,52.0,53.0,56.0,54.0,51.0,48.0,40.0,41.0,42.0,40.0,41.0,40.0,38.0,43.0,42.0,46.0,47.0,47.0,43.0,45.0,44.0,44.0
backreaction,33.0,30.0,28.0,30.0,30.0,29.0,27.0,30.0,27.0,28.0,28.0,29.0,30.0,33.0,36.0,39.0,42.0,44.0,44.0,47.0,48.0,45.0,43.0,43.0,44.0,44.0
treelevel,39.0,41.0,40.0,37.0,40.0,42.0,43.0,43.0,43.0,44.0,43.0,42.0,41.0,39.0,37.0,38.0,37.0,37.0,38.0,37.0,41.0,40.0,42.0,43.0,44.0,42.0
sym,49.0,49.0,52.0,51.0,53.0,50.0,49.0,50.0,50.0,51.0,51.0,49.0,46.0,44.0,41.0,42.0,42.0,43.0,44.0,43.0,46.0,40.0,42.0,40.0,43.0,42.0
qed,54.0,53.0,54.0,52.0,48.0,48.0,49.0,49.0,50.0,49.0,47.0,49.0,48.0,46.0,44.0,41.0,39.0,38.0,42.0,43.0,38.0,34.0,38.0,39.0,42.0,42.0
onshell,49.0,51.0,52.0,52.0,53.0,52.0,51.0,52.0,50.0,51.0,51.0,57.0,56.0,53.0,50.0,49.0,49.0,51.0,51.0,51.0,48.0,41.0,40.0,40.0,41.0,42.0
btz,29.0,29.0,30.0,28.0,31.0,29.0,27.0,30.0,35.0,33.0,33.0,31.0,35.0,37.0,36.0,37.0,38.0,39.0,38.0,39.0,38.0,39.0,39.0,34.0,40.0,41.0
yukawa,34.0,33.0,31.0,34.0,30.0,28.0,32.0,31.0,29.0,28.0,31.0,31.0,32.0,26.0,26.0,26.0,26.0,33.0,32.0,33.0,37.0,34.0,37.0,39.0,39.0,41.0
bf,20.0,19.0,19.0,17.0,19.0,19.0,20.0,22.0,22.0,22.0,22.0,24.0,23.0,22.0,24.0,23.0,34.0,35.0,36.0,37.0,38.0,38.0,40.0,41.0,38.0,41.0
onedimensional,31.0,33.0,34.0,39.0,39.0,39.0,40.0,41.0,42.0,43.0,42.0,41.0,40.0,41.0,41.0,40.0,41.0,43.0,43.0,45.0,43.0,45.0,44.0,41.0,41.0,40.0
cohomology,34.0,34.0,33.0,34.0,33.0,33.0,32.0,30.0,32.0,33.0,33.0,31.0,31.0,31.0,30.0,31.0,31.0,36.0,35.0,36.0,39.0,33.0,38.0,37.0,41.0,40.0
powerlaw,29.0,30.0,30.0,32.0,32.0,33.0,34.0,33.0,33.0,33.0,34.0,37.0,36.0,31.0,31.0,34.0,35.0,36.0,39.0,38.0,38.0,38.0,38.0,37.0,40.0,40.0
superstring,48.0,50.0,49.0,50.0,45.0,48.0,51.0,50.0,50.0,50.0,51.0,52.0,48.0,45.0,46.0,46.0,45.0,45.0,44.0,44.0,44.0,42.0,38.0,42.0,43.0,39.0
superfields,24.0,27.0,29.0,28.0,28.0,32.0,32.0,34.0,36.0,38.0,38.0,37.0,36.0,36.0,36.0,36.0,40.0,40.0,40.0,44.0,44.0,46.0,44.0,42.0,42.0,39.0
timedependent,58.0,53.0,56.0,53.0,51.0,50.0,50.0,56.0,54.0,50.0,48.0,48.0,47.0,44.0,45.0,42.0,43.0,44.0,42.0,43.0,42.0,35.0,36.0,36.0,41.0,39.0
gaugeinvariant,34.0,35.0,38.0,40.0,40.0,37.0,45.0,44.0,45.0,42.0,42.0,44.0,43.0,43.0,42.0,42.0,42.0,41.0,41.0,42.0,40.0,39.0,38.0,41.0,40.0,39.0
instantons,30.0,30.0,34.0,35.0,35.0,37.0,38.0,38.0,38.0,36.0,37.0,35.0,35.0,35.0,36.0,36.0,40.0,38.0,39.0,39.0,39.0,37.0,40.0,40.0,39.0,39.0
firstorder,38.0,39.0,43.0,44.0,39.0,38.0,38.0,39.0,37.0,40.0,39.0,35.0,36.0,33.0,34.0,36.0,36.0,38.0,42.0,41.0,42.0,39.0,37.0,38.0,39.0,39.0
noncompact,28.0,26.0,26.0,26.0,25.0,25.0,28.0,29.0,28.0,31.0,30.0,33.0,32.0,32.0,32.0,31.0,33.0,32.0,31.0,32.0,33.0,31.0,34.0,35.0,38.0,39.0
lifshitz,31.0,31.0,32.0,31.0,30.0,33.0,35.0,37.0,34.0,34.0,36.0,35.0,33.0,40.0,39.0,39.0,42.0,45.0,41.0,44.0,45.0,45.0,44.0,43.0,44.0,38.0
gapless,33.0,33.0,33.0,33.0,31.0,31.0,31.0,28.0,27.0,28.0,30.0,36.0,35.0,35.0,34.0,34.0,36.0,37.0,42.0,42.0,41.0,44.0,48.0,45.0,38.0,38.0
ising,42.0,43.0,38.0,37.0,37.0,39.0,41.0,39.0,39.0,41.0,42.0,41.0,41.0,40.0,33.0,33.0,31.0,38.0,38.0,38.0,42.0,39.0,41.0,39.0,36.0,38.0
lorentzian,41.0,43.0,38.0,37.0,38.0,40.0,37.0,41.0,40.0,39.0,42.0,43.0,43.0,45.0,45.0,43.0,40.0,40.0,39.0,39.0,41.0,40.0,38.0,38.0,36.0,38.0
blackhole,32.0,33.0,32.0,27.0,30.0,28.0,34.0,33.0,30.0,27.0,27.0,26.0,23.0,23.0,25.0,25.0,19.0,28.0,28.0,30.0,30.0,33.0,33.0,34.0,35.0,38.0
renormalisation,36.0,36.0,37.0,35.0,39.0,40.0,40.0,40.0,40.0,39.0,39.0,39.0,39.0,40.0,40.0,47.0,46.0,42.0,42.0,42.0,40.0,40.0,39.0,40.0,38.0,37.0
scalartensor,48.0,49.0,49.0,49.0,54.0,54.0,49.0,50.0,50.0,48.0,47.0,46.0,43.0,43.0,43.0,43.0,41.0,43.0,42.0,45.0,46.0,44.0,43.0,39.0,38.0,37.0
ricci,49.0,53.0,53.0,47.0,47.0,48.0,42.0,42.0,42.0,43.0,43.0,43.0,45.0,46.0,46.0,44.0,45.0,43.0,45.0,46.0,40.0,37.0,38.0,38.0,38.0,37.0
regge,30.0,30.0,32.0,30.0,29.0,30.0,29.0,33.0,33.0,35.0,37.0,32.0,30.0,30.0,34.0,31.0,38.0,38.0,38.0,39.0,39.0,37.0,36.0,37.0,37.0,37.0
fermi,56.0,61.0,59.0,58.0,52.0,51.0,47.0,48.0,47.0,47.0,45.0,45.0,45.0,44.0,43.0,43.0,45.0,42.0,41.0,41.0,39.0,33.0,39.0,39.0,36.0,37.0
twoloop,40.0,41.0,38.0,37.0,38.0,33.0,36.0,35.0,39.0,43.0,43.0,41.0,41.0,42.0,42.0,42.0,42.0,42.0,40.0,40.0,40.0,38.0,37.0,37.0,36.0,36.0
wellknown,48.0,48.0,48.0,49.0,46.0,43.0,42.0,42.0,44.0,43.0,42.0,44.0,42.0,41.0,39.0,36.0,35.0,36.0,36.0,36.0,37.0,37.0,35.0,34.0,34.0,36.0
galileon,25.0,25.0,25.0,24.0,26.0,28.0,31.0,31.0,31.0,29.0,31.0,31.0,30.0,29.0,27.0,34.0,37.0,37.0,41.0,41.0,30.0,30.0,30.0,30.0,30.0,36.0
higherderivative,19.0,19.0,19.0,24.0,25.0,25.0,26.0,31.0,31.0,31.0,31.0,31.0,30.0,34.0,36.0,38.0,39.0,39.0,41.0,40.0,34.0,34.0,35.0,38.0,37.0,35.0
virasoro,36.0,36.0,37.0,38.0,37.0,37.0,34.0,32.0,32.0,34.0,34.0,34.0,33.0,34.0,35.0,37.0,41.0,45.0,45.0,45.0,45.0,39.0,37.0,35.0,35.0,35.0
gaussbonnet,41.0,38.0,37.0,37.0,37.0,36.0,32.0,32.0,37.0,36.0,36.0,34.0,36.0,38.0,40.0,38.0,40.0,40.0,40.0,39.0,44.0,45.0,44.0,37.0,34.0,35.0
fivedimensional,31.0,31.0,30.0,31.0,32.0,33.0,32.0,31.0,31.0,33.0,34.0,38.0,35.0,35.0,34.0,34.0,38.0,40.0,39.0,39.0,37.0,36.0,38.0,37.0,34.0,35.0
gr,43.0,43.0,44.0,44.0,44.0,41.0,29.0,29.0,29.0,29.0,25.0,29.0,29.0,30.0,29.0,27.0,27.0,27.0,29.0,30.0,30.0,30.0,34.0,34.0,29.0,35.0
borninfeld,17.0,17.0,19.0,23.0,23.0,23.0,24.0,26.0,22.0,21.0,22.0,25.0,24.0,25.0,24.0,24.0,27.0,27.0,30.0,36.0,36.0,36.0,36.0,34.0,34.0,34.0
gev,21.0,21.0,22.0,22.0,20.0,21.0,22.0,23.0,24.0,24.0,20.0,19.0,23.0,23.0,22.0,24.0,25.0,25.0,28.0,28.0,30.0,27.0,31.0,33.0,34.0,34.0
gluons,28.0,24.0,26.0,27.0,24.0,23.0,24.0,28.0,28.0,29.0,27.0,32.0,30.0,30.0,29.0,30.0,30.0,29.0,29.0,27.0,29.0,29.0,28.0,29.0,32.0,34.0
mathrm,22.0,26.0,26.0,26.0,28.0,28.0,32.0,32.0,30.0,29.0,29.0,29.0,29.0,29.0,29.0,31.0,31.0,32.0,32.0,32.0,32.0,31.0,31.0,33.0,33.0,33.0
wavefunction,23.0,23.0,23.0,22.0,21.0,21.0,22.0,23.0,24.0,25.0,31.0,32.0,33.0,33.0,34.0,33.0,33.0,36.0,36.0,35.0,34.0,36.0,35.0,34.0,33.0,32.0
heisenberg,35.0,35.0,35.0,39.0,38.0,39.0,38.0,38.0,37.0,42.0,42.0,38.0,41.0,40.0,37.0,34.0,33.0,31.0,32.0,31.0,30.0,28.0,30.0,34.0,33.0,32.0
stressenergy,15.0,15.0,13.0,18.0,23.0,23.0,25.0,25.0,25.0,28.0,28.0,29.0,30.0,29.0,32.0,28.0,28.0,30.0,32.0,32.0,32.0,31.0,31.0,32.0,32.0,32.0
latetime,23.0,24.0,26.0,28.0,28.0,28.0,29.0,33.0,32.0,33.0,32.0,33.0,34.0,34.0,32.0,32.0,35.0,34.0,30.0,31.0,27.0,26.0,30.0,31.0,30.0,31.0
iia,45.0,43.0,42.0,44.0,43.0,43.0,44.0,43.0,44.0,44.0,45.0,46.0,46.0,39.0,39.0,34.0,39.0,40.0,41.0,41.0,41.0,37.0,33.0,34.0,33.0,30.0
et,39.0,40.0,40.0,39.0,41.0,41.0,42.0,42.0,41.0,41.0,41.0,40.0,37.0,37.0,34.0,32.0,33.0,34.0,34.0,32.0,31.0,32.0,32.0,32.0,31.0,30.0
sixdimensional,29.0,28.0,28.0,27.0,24.0,22.0,22.0,24.0,24.0,24.0,26.0,29.0,28.0,27.0,28.0,29.0,29.0,31.0,31.0,32.0,34.0,30.0,32.0,29.0,30.0,30.0
dc,19.0,22.0,22.0,22.0,23.0,25.0,24.0,25.0,23.0,23.0,24.0,26.0,28.0,31.0,31.0,30.0,29.0,29.0,28.0,29.0,29.0,29.0,29.0,28.0,30.0,30.0
secondorder,27.0,26.0,24.0,25.0,23.0,22.0,22.0,24.0,23.0,21.0,23.0,24.0,23.0,25.0,24.0,25.0,25.0,29.0,31.0,32.0,32.0,31.0,32.0,32.0,32.0,29.0
mtheory,45.0,45.0,36.0,36.0,38.0,38.0,36.0,35.0,36.0,36.0,33.0,29.0,29.0,29.0,30.0,31.0,31.0,33.0,34.0,36.0,35.0,28.0,29.0,28.0,31.0,29.0
nonsupersymmetric,21.0,22.0,22.0,29.0,29.0,29.0,29.0,30.0,30.0,30.0,30.0,30.0,30.0,30.0,31.0,31.0,31.0,33.0,35.0,36.0,37.0,35.0,32.0,33.0,30.0,29.0
redshift,14.0,13.0,14.0,15.0,17.0,13.0,13.0,21.0,22.0,23.0,24.0,24.0,23.0,23.0,22.0,28.0,28.0,31.0,32.0,32.0,32.0,30.0,30.0,31.0,30.0,29.0
diffeomorphisms,25.0,26.0,25.0,25.0,24.0,24.0,24.0,24.0,26.0,28.0,35.0,35.0,34.0,31.0,27.0,27.0,30.0,30.0,30.0,29.0,31.0,27.0,30.0,30.0,29.0,29.0
nc,19.0,21.0,23.0,15.0,15.0,15.0,18.0,18.0,18.0,25.0,25.0,25.0,31.0,33.0,33.0,33.0,33.0,34.0,29.0,29.0,29.0,29.0,29.0,29.0,29.0,29.0
selfdual,26.0,26.0,27.0,26.0,27.0,26.0,27.0,28.0,29.0,30.0,32.0,31.0,30.0,30.0,29.0,29.0,29.0,30.0,29.0,28.0,27.0,25.0,28.0,27.0,28.0,28.0
smatrix,28.0,28.0,26.0,25.0,25.0,22.0,22.0,21.0,20.0,19.0,19.0,20.0,25.0,19.0,21.0,23.0,22.0,24.0,22.0,24.0,24.0,24.0,26.0,25.0,28.0,28.0
einsteinhilbert,23.0,22.0,24.0,22.0,24.0,24.0,27.0,26.0,28.0,28.0,28.0,26.0,24.0,23.0,23.0,22.0,22.0,24.0,24.0,24.0,24.0,24.0,25.0,26.0,27.0,28.0
schrodinger,45.0,46.0,47.0,47.0,50.0,46.0,47.0,47.0,46.0,41.0,41.0,40.0,40.0,39.0,33.0,31.0,29.0,29.0,28.0,27.0,31.0,28.0,26.0,24.0,25.0,28.0
compactified,34.0,33.0,31.0,32.0,32.0,32.0,33.0,31.0,29.0,29.0,30.0,30.0,30.0,28.0,28.0,29.0,31.0,33.0,32.0,32.0,31.0,31.0,33.0,31.0,33.0,27.0
kaluzaklein,42.0,45.0,42.0,41.0,42.0,40.0,39.0,39.0,41.0,43.0,43.0,42.0,38.0,36.0,38.0,38.0,38.0,35.0,34.0,32.0,29.0,30.0,30.0,29.0,31.0,27.0
superspace,37.0,38.0,39.0,38.0,37.0,37.0,37.0,36.0,34.0,33.0,37.0,33.0,32.0,32.0,31.0,31.0,29.0,29.0,30.0,36.0,33.0,35.0,29.0,30.0,29.0,27.0
superpotential,45.0,46.0,46.0,44.0,43.0,44.0,44.0,42.0,41.0,41.0,38.0,36.0,36.0,36.0,36.0,36.0,41.0,41.0,41.0,42.0,44.0,42.0,42.0,39.0,27.0,27.0
yangbaxter,21.0,20.0,20.0,21.0,23.0,23.0,23.0,26.0,22.0,19.0,19.0,17.0,23.0,23.0,23.0,23.0,24.0,24.0,24.0,25.0,24.0,24.0,28.0,27.0,26.0,27.0
lyapunov,25.0,27.0,27.0,25.0,24.0,24.0,26.0,25.0,27.0,23.0,22.0,27.0,25.0,24.0,24.0,24.0,25.0,25.0,28.0,26.0,26.0,27.0,27.0,24.0,26.0,27.0
dbrane,14.0,15.0,15.0,15.0,19.0,21.0,19.0,21.0,21.0,21.0,21.0,22.0,23.0,23.0,24.0,24.0,25.0,28.0,28.0,28.0,26.0,26.0,26.0,26.0,28.0,26.0
supersymmetries,16.0,17.0,17.0,17.0,19.0,22.0,22.0,22.0,21.0,22.0,23.0,24.0,24.0,24.0,25.0,25.0,28.0,29.0,29.0,29.0,29.0,23.0,22.0,24.0,28.0,26.0
neumann,34.0,36.0,38.0,38.0,38.0,37.0,38.0,41.0,40.0,40.0,40.0,39.0,36.0,31.0,29.0,28.0,29.0,32.0,30.0,30.0,30.0,29.0,29.0,30.0,26.0,26.0
wigner,21.0,21.0,21.0,23.0,23.0,23.0,23.0,24.0,24.0,26.0,26.0,24.0,24.0,24.0,24.0,24.0,24.0,24.0,25.0,28.0,30.0,29.0,29.0,28.0,25.0,26.0
spacelike,44.0,47.0,47.0,47.0,45.0,39.0,39.0,36.0,37.0,39.0,38.0,34.0,31.0,29.0,32.0,34.0,33.0,35.0,35.0,29.0,28.0,29.0,29.0,26.0,25.0,26.0
liouville,23.0,24.0,27.0,28.0,33.0,31.0,31.0,31.0,30.0,30.0,28.0,29.0,30.0,29.0,29.0,23.0,23.0,23.0,24.0,24.0,23.0,25.0,26.0,25.0,24.0,26.0
noether,36.0,37.0,37.0,40.0,42.0,41.0,42.0,42.0,42.0,42.0,34.0,37.0,39.0,39.0,41.0,41.0,36.0,37.0,37.0,38.0,38.0,32.0,34.0,33.0,28.0,25.0
twistor,23.0,25.0,25.0,26.0,26.0,26.0,26.0,27.0,30.0,36.0,40.0,41.0,41.0,40.0,40.0,40.0,36.0,37.0,40.0,40.0,39.0,36.0,36.0,26.0,25.0,25.0
sl,16.0,16.0,17.0,21.0,22.0,24.0,25.0,26.0,26.0,26.0,26.0,27.0,28.0,28.0,29.0,31.0,31.0,31.0,28.0,28.0,29.0,26.0,24.0,23.0,23.0,25.0
lightcone,35.0,33.0,32.0,35.0,33.0,26.0,24.0,26.0,26.0,24.0,25.0,26.0,26.0,25.0,25.0,25.0,25.0,27.0,26.0,25.0,25.0,25.0,25.0,22.0,23.0,25.0
higherorder,32.0,32.0,32.0,31.0,28.0,25.0,24.0,26.0,22.0,22.0,21.0,19.0,18.0,20.0,21.0,19.0,20.0,22.0,22.0,24.0,25.0,25.0,26.0,27.0,25.0,24.0
unruh,41.0,40.0,38.0,30.0,31.0,29.0,23.0,23.0,23.0,17.0,23.0,25.0,25.0,25.0,25.0,24.0,24.0,24.0,24.0,25.0,26.0,24.0,24.0,24.0,24.0,24.0
frac,49.0,42.0,42.0,41.0,40.0,40.0,40.0,41.0,41.0,47.0,47.0,46.0,45.0,45.0,46.0,45.0,44.0,45.0,22.0,18.0,19.0,17.0,17.0,24.0,24.0,24.0
kleingordon,19.0,22.0,22.0,23.0,23.0,23.0,25.0,24.0,26.0,26.0,26.0,27.0,27.0,27.0,28.0,25.0,25.0,25.0,25.0,25.0,25.0,24.0,24.0,24.0,23.0,24.0
nambugoldstone,26.0,28.0,27.0,35.0,33.0,32.0,32.0,31.0,30.0,30.0,30.0,27.0,27.0,28.0,26.0,25.0,26.0,26.0,25.0,25.0,23.0,22.0,22.0,23.0,23.0,24.0
emph,43.0,43.0,39.0,40.0,38.0,33.0,33.0,35.0,35.0,36.0,36.0,36.0,34.0,37.0,30.0,30.0,22.0,23.0,21.0,21.0,23.0,21.0,19.0,23.0,23.0,24.0
longrange,10.0,10.0,10.0,10.0,10.0,10.0,12.0,12.0,12.0,12.0,14.0,15.0,17.0,17.0,15.0,20.0,21.0,22.0,21.0,21.0,21.0,21.0,21.0,21.0,23.0,24.0
solitons,25.0,25.0,27.0,26.0,27.0,30.0,33.0,33.0,35.0,34.0,30.0,29.0,30.0,26.0,26.0,24.0,20.0,23.0,24.0,24.0,24.0,24.0,25.0,25.0,25.0,23.0
threepoint,26.0,24.0,27.0,25.0,25.0,28.0,26.0,26.0,27.0,26.0,25.0,23.0,22.0,21.0,22.0,22.0,22.0,22.0,24.0,23.0,23.0,24.0,24.0,25.0,25.0,23.0
andor,17.0,18.0,19.0,21.0,22.0,21.0,22.0,23.0,24.0,23.0,24.0,24.0,24.0,23.0,23.0,22.0,21.0,25.0,25.0,25.0,24.0,23.0,25.0,24.0,24.0,23.0
renormalizable,29.0,28.0,28.0,25.0,23.0,22.0,22.0,24.0,22.0,24.0,24.0,22.0,23.0,22.0,21.0,21.0,22.0,25.0,26.0,25.0,24.0,24.0,21.0,23.0,23.0,23.0
gravitino,19.0,20.0,19.0,19.0,15.0,16.0,16.0,16.0,18.0,19.0,22.0,23.0,23.0,26.0,20.0,20.0,21.0,20.0,22.0,22.0,23.0,22.0,22.0,24.0,22.0,23.0
schwinger,25.0,25.0,25.0,23.0,23.0,25.0,25.0,25.0,24.0,24.0,20.0,23.0,25.0,23.0,23.0,23.0,23.0,23.0,24.0,23.0,21.0,19.0,17.0,20.0,21.0,23.0
dbranes,17.0,17.0,16.0,16.0,22.0,19.0,19.0,21.0,20.0,21.0,23.0,22.0,19.0,18.0,19.0,19.0,19.0,19.0,19.0,19.0,16.0,18.0,18.0,19.0,21.0,23.0
soliton,22.0,23.0,23.0,24.0,26.0,26.0,24.0,24.0,23.0,22.0,20.0,20.0,20.0,20.0,17.0,15.0,15.0,17.0,19.0,18.0,18.0,16.0,18.0,19.0,19.0,23.0
pion,15.0,18.0,18.0,20.0,21.0,23.0,22.0,21.0,21.0,23.0,25.0,24.0,23.0,23.0,23.0,22.0,23.0,24.0,25.0,22.0,22.0,22.0,24.0,23.0,24.0,22.0
supergravities,26.0,27.0,28.0,30.0,30.0,30.0,31.0,30.0,30.0,30.0,30.0,30.0,27.0,25.0,22.0,22.0,24.0,24.0,25.0,25.0,23.0,21.0,23.0,23.0,24.0,22.0
quarkgluon,10.0,12.0,12.0,12.0,12.0,13.0,13.0,12.0,12.0,12.0,11.0,10.0,11.0,10.0,11.0,11.0,12.0,13.0,13.0,15.0,14.0,16.0,17.0,21.0,23.0,22.0
decoupling,29.0,30.0,31.0,32.0,35.0,35.0,36.0,36.0,30.0,30.0,32.0,31.0,33.0,32.0,32.0,34.0,30.0,30.0,30.0,28.0,26.0,25.0,21.0,23.0,22.0,22.0
tev,20.0,16.0,15.0,15.0,15.0,17.0,19.0,20.0,19.0,21.0,21.0,20.0,20.0,19.0,19.0,19.0,19.0,21.0,22.0,23.0,23.0,23.0,23.0,22.0,22.0,22.0
dm,16.0,16.0,13.0,13.0,13.0,13.0,13.0,13.0,13.0,20.0,13.0,13.0,13.0,14.0,10.0,17.0,17.0,17.0,17.0,17.0,22.0,22.0,22.0,22.0,22.0,22.0
cf,2.0,3.0,3.0,7.0,7.0,10.0,10.0,13.0,13.0,12.0,13.0,13.0,13.0,14.0,15.0,15.0,15.0,15.0,15.0,16.0,21.0,21.0,21.0,21.0,22.0,22.0
worldvolume,22.0,22.0,20.0,21.0,21.0,21.0,22.0,23.0,20.0,21.0,21.0,19.0,17.0,17.0,19.0,16.0,17.0,21.0,21.0,21.0,20.0,20.0,20.0,18.0,18.0,22.0
tensortoscalar,19.0,18.0,18.0,20.0,20.0,20.0,21.0,22.0,22.0,22.0,21.0,20.0,21.0,19.0,17.0,17.0,17.0,19.0,20.0,20.0,21.0,22.0,21.0,22.0,23.0,21.0
hermitian,24.0,24.0,24.0,24.0,26.0,28.0,29.0,29.0,26.0,22.0,23.0,23.0,23.0,25.0,24.0,23.0,22.0,20.0,18.0,19.0,19.0,22.0,23.0,23.0,22.0,21.0
superalgebras,23.0,23.0,23.0,24.0,25.0,34.0,30.0,31.0,31.0,31.0,31.0,31.0,28.0,23.0,23.0,23.0,21.0,21.0,21.0,27.0,25.0,22.0,22.0,21.0,21.0,21.0
dyonic,8.0,9.0,10.0,10.0,10.0,9.0,14.0,14.0,14.0,14.0,13.0,15.0,15.0,15.0,14.0,14.0,16.0,18.0,18.0,20.0,20.0,20.0,20.0,20.0,21.0,21.0
eigenstates,23.0,22.0,22.0,19.0,18.0,23.0,24.0,25.0,26.0,24.0,23.0,23.0,21.0,23.0,21.0,20.0,25.0,25.0,25.0,24.0,23.0,20.0,19.0,19.0,21.0,21.0
byproduct,20.0,20.0,19.0,19.0,20.0,20.0,20.0,21.0,20.0,17.0,16.0,18.0,18.0,19.0,20.0,19.0,19.0,19.0,19.0,21.0,22.0,23.0,23.0,23.0,20.0,21.0
nexttoleading,11.0,11.0,12.0,13.0,15.0,15.0,15.0,14.0,14.0,14.0,14.0,13.0,12.0,13.0,15.0,14.0,16.0,16.0,16.0,19.0,19.0,18.0,18.0,18.0,20.0,21.0
orbifolds,14.0,14.0,12.0,16.0,16.0,14.0,14.0,13.0,14.0,14.0,14.0,13.0,15.0,15.0,17.0,17.0,17.0,17.0,16.0,17.0,17.0,19.0,18.0,18.0,19.0,21.0
bv,14.0,14.0,26.0,26.0,26.0,27.0,27.0,27.0,27.0,25.0,25.0,24.0,24.0,18.0,18.0,18.0,20.0,21.0,21.0,21.0,24.0,24.0,24.0,24.0,23.0,20.0
qft,52.0,53.0,53.0,49.0,50.0,45.0,47.0,46.0,47.0,46.0,45.0,41.0,40.0,35.0,35.0,35.0,37.0,37.0,37.0,39.0,41.0,32.0,28.0,26.0,22.0,20.0
sduality,11.0,12.0,11.0,12.0,9.0,9.0,9.0,10.0,10.0,10.0,10.0,10.0,10.0,10.0,10.0,17.0,17.0,17.0,16.0,16.0,16.0,21.0,22.0,22.0,22.0,20.0
baryogenesis,21.0,21.0,22.0,20.0,19.0,20.0,20.0,20.0,18.0,18.0,18.0,21.0,21.0,22.0,16.0,16.0,18.0,19.0,19.0,19.0,21.0,20.0,20.0,20.0,21.0,20.0
welldefined,34.0,35.0,36.0,36.0,36.0,35.0,35.0,33.0,34.0,34.0,34.0,31.0,32.0,32.0,34.0,32.0,29.0,29.0,28.0,27.0,26.0,25.0,25.0,23.0,20.0,20.0
doubletrace,21.0,23.0,20.0,17.0,17.0,17.0,16.0,19.0,19.0,21.0,24.0,24.0,22.0,22.0,22.0,22.0,23.0,23.0,23.0,18.0,21.0,21.0,21.0,22.0,20.0,20.0
der,11.0,13.0,13.0,15.0,14.0,13.0,13.0,13.0,13.0,14.0,17.0,18.0,21.0,19.0,19.0,19.0,19.0,19.0,20.0,20.0,20.0,21.0,21.0,21.0,20.0,20.0
iii,43.0,40.0,40.0,40.0,36.0,36.0,36.0,34.0,30.0,29.0,29.0,29.0,29.0,30.0,31.0,27.0,26.0,29.0,28.0,27.0,26.0,23.0,25.0,20.0,20.0,20.0
gw,31.0,31.0,30.0,28.0,36.0,30.0,30.0,30.0,30.0,30.0,30.0,28.0,28.0,21.0,19.0,19.0,22.0,21.0,24.0,24.0,20.0,20.0,20.0,20.0,20.0,20.0
equivariant,25.0,25.0,20.0,25.0,25.0,25.0,25.0,24.0,25.0,26.0,24.0,26.0,26.0,27.0,26.0,25.0,26.0,24.0,24.0,24.0,25.0,19.0,18.0,20.0,20.0,20.0
tachyon,20.0,20.0,20.0,20.0,20.0,22.0,23.0,19.0,19.0,19.0,18.0,17.0,17.0,17.0,19.0,18.0,19.0,22.0,21.0,21.0,23.0,23.0,19.0,19.0,20.0,20.0
deconfinement,14.0,13.0,13.0,12.0,13.0,12.0,9.0,9.0,8.0,10.0,10.0,10.0,13.0,13.0,12.0,13.0,13.0,14.0,15.0,15.0,15.0,16.0,16.0,19.0,20.0,20.0
rsymmetry,15.0,15.0,15.0,14.0,14.0,16.0,13.0,14.0,14.0,12.0,13.0,13.0,13.0,13.0,13.0,13.0,13.0,13.0,13.0,13.0,13.0,12.0,16.0,19.0,20.0,20.0
quasiparticles,13.0,12.0,12.0,14.0,14.0,14.0,11.0,11.0,11.0,11.0,12.0,13.0,13.0,15.0,14.0,13.0,14.0,15.0,16.0,15.0,17.0,17.0,18.0,18.0,20.0,20.0
higherdimensional,25.0,23.0,22.0,22.0,22.0,22.0,22.0,22.0,21.0,24.0,22.0,21.0,21.0,22.0,21.0,22.0,23.0,24.0,23.0,22.0,20.0,18.0,18.0,18.0,19.0,20.0
pbh,20.0,18.0,18.0,13.0,13.0,16.0,16.0,16.0,15.0,15.0,16.0,16.0,16.0,16.0,18.0,18.0,18.0,18.0,26.0,29.0,27.0,27.0,27.0,23.0,18.0,20.0
scfts,58.0,60.0,60.0,56.0,54.0,46.0,46.0,46.0,44.0,44.0,44.0,37.0,36.0,33.0,33.0,35.0,35.0,35.0,30.0,29.0,28.0,27.0,28.0,21.0,18.0,20.0
nongaussianity,25.0,27.0,27.0,27.0,22.0,22.0,22.0,22.0,27.0,27.0,27.0,27.0,29.0,27.0,28.0,26.0,26.0,26.0,26.0,26.0,19.0,15.0,15.0,16.0,18.0,20.0
ee,3.0,3.0,6.0,6.0,6.0,6.0,6.0,6.0,11.0,11.0,11.0,16.0,15.0,15.0,15.0,15.0,17.0,17.0,17.0,17.0,17.0,17.0,17.0,17.0,15.0,20.0
mellin,40.0,42.0,44.0,41.0,42.0,42.0,43.0,43.0,42.0,40.0,39.0,39.0,39.0,39.0,39.0,38.0,33.0,33.0,33.0,33.0,32.0,27.0,27.0,26.0,25.0,19.0
sm,52.0,52.0,52.0,53.0,54.0,54.0,52.0,52.0,38.0,36.0,36.0,36.0,35.0,35.0,32.0,30.0,30.0,30.0,20.0,20.0,18.0,18.0,22.0,23.0,22.0,19.0
braneworld,19.0,19.0,20.0,21.0,21.0,24.0,21.0,22.0,21.0,25.0,24.0,23.0,22.0,20.0,18.0,17.0,17.0,21.0,22.0,22.0,22.0,22.0,23.0,22.0,22.0,19.0
timereversal,17.0,17.0,18.0,19.0,18.0,18.0,19.0,18.0,21.0,22.0,23.0,23.0,21.0,21.0,20.0,20.0,20.0,21.0,23.0,23.0,26.0,23.0,23.0,20.0,20.0,19.0
sachdevyekitaev,19.0,19.0,17.0,16.0,16.0,16.0,16.0,17.0,19.0,19.0,19.0,20.0,19.0,19.0,19.0,20.0,19.0,18.0,19.0,18.0,17.0,19.0,18.0,19.0,20.0,19.0
teleparallel,21.0,21.0,21.0,20.0,18.0,18.0,22.0,22.0,20.0,20.0,21.0,22.0,23.0,23.0,23.0,18.0,16.0,16.0,16.0,18.0,19.0,19.0,21.0,23.0,19.0,19.0
bekensteinhawking,18.0,18.0,18.0,18.0,16.0,16.0,18.0,21.0,22.0,22.0,20.0,20.0,20.0,20.0,19.0,18.0,18.0,19.0,23.0,22.0,21.0,20.0,20.0,22.0,19.0,19.0
wavelength,16.0,18.0,18.0,17.0,16.0,16.0,15.0,14.0,15.0,15.0,15.0,14.0,15.0,15.0,17.0,21.0,20.0,22.0,22.0,21.0,20.0,21.0,22.0,20.0,19.0,19.0
superyangmills,17.0,18.0,20.0,20.0,20.0,18.0,18.0,17.0,19.0,20.0,20.0,20.0,21.0,21.0,19.0,19.0,19.0,20.0,20.0,22.0,23.0,20.0,20.0,20.0,19.0,19.0
qnec,5.0,10.0,10.0,15.0,15.0,15.0,15.0,15.0,15.0,11.0,11.0,11.0,11.0,11.0,10.0,10.0,10.0,10.0,10.0,10.0,14.0,14.0,14.0,19.0,19.0,19.0
superalgebra,25.0,30.0,30.0,28.0,28.0,28.0,28.0,29.0,27.0,25.0,25.0,25.0,25.0,23.0,24.0,24.0,22.0,18.0,19.0,19.0,21.0,21.0,20.0,18.0,19.0,19.0
bms,20.0,20.0,18.0,18.0,18.0,18.0,18.0,19.0,19.0,19.0,15.0,16.0,19.0,18.0,18.0,17.0,16.0,16.0,16.0,18.0,18.0,19.0,18.0,18.0,19.0,19.0
lhc,14.0,15.0,15.0,15.0,15.0,15.0,16.0,17.0,17.0,18.0,18.0,18.0,17.0,16.0,15.0,13.0,15.0,16.0,18.0,19.0,19.0,18.0,18.0,18.0,19.0,19.0
entropic,24.0,24.0,24.0,23.0,22.0,20.0,23.0,23.0,19.0,19.0,19.0,14.0,19.0,19.0,19.0,19.0,19.0,18.0,18.0,18.0,18.0,18.0,22.0,16.0,19.0,19.0
ligo,25.0,26.0,26.0,26.0,27.0,25.0,24.0,21.0,21.0,22.0,21.0,21.0,21.0,20.0,20.0,21.0,21.0,23.0,23.0,23.0,23.0,22.0,23.0,21.0,18.0,19.0
boltzmann,14.0,15.0,15.0,15.0,15.0,12.0,12.0,12.0,12.0,12.0,14.0,15.0,15.0,15.0,15.0,18.0,18.0,20.0,20.0,19.0,19.0,17.0,20.0,18.0,18.0,19.0
boseeinstein,10.0,10.0,11.0,12.0,13.0,13.0,13.0,13.0,15.0,14.0,14.0,14.0,13.0,14.0,13.0,15.0,16.0,15.0,15.0,16.0,17.0,16.0,17.0,17.0,18.0,19.0
stronger,13.0,13.0,12.0,14.0,15.0,15.0,14.0,14.0,16.0,15.0,16.0,18.0,18.0,17.0,15.0,16.0,17.0,17.0,18.0,19.0,19.0,20.0,18.0,17.0,17.0,19.0
argyresdouglas,10.0,10.0,12.0,12.0,13.0,12.0,12.0,13.0,13.0,13.0,11.0,11.0,11.0,12.0,12.0,12.0,11.0,16.0,17.0,17.0,17.0,17.0,19.0,21.0,21.0,18.0
diffeomorphism,29.0,28.0,28.0,28.0,28.0,28.0,28.0,26.0,30.0,32.0,32.0,32.0,31.0,31.0,27.0,27.0,27.0,26.0,26.0,25.0,26.0,23.0,20.0,20.0,20.0,18.0
gaugegravity,22.0,22.0,21.0,22.0,23.0,23.0,20.0,18.0,20.0,19.0,20.0,21.0,20.0,20.0,19.0,19.0,19.0,21.0,21.0,22.0,20.0,20.0,20.0,20.0,20.0,18.0
ds,24.0,25.0,22.0,21.0,21.0,21.0,23.0,22.0,22.0,23.0,22.0,20.0,20.0,18.0,17.0,20.0,20.0,20.0,20.0,20.0,20.0,20.0,20.0,15.0,19.0,18.0
timelike,37.0,38.0,39.0,40.0,38.0,38.0,38.0,36.0,33.0,33.0,35.0,33.0,30.0,30.0,31.0,31.0,29.0,27.0,27.0,24.0,22.0,20.0,21.0,18.0,18.0,18.0
vasiliev,3.0,5.0,5.0,5.0,6.0,6.0,6.0,6.0,8.0,8.0,8.0,18.0,18.0,19.0,19.0,19.0,19.0,19.0,19.0,19.0,19.0,19.0,20.0,18.0,18.0,18.0
ev,15.0,15.0,15.0,15.0,14.0,14.0,14.0,14.0,16.0,18.0,18.0,18.0,18.0,12.0,13.0,10.0,10.0,10.0,11.0,12.0,12.0,17.0,18.0,18.0,18.0,18.0
graphene,29.0,29.0,29.0,31.0,31.0,31.0,30.0,30.0,30.0,29.0,28.0,31.0,31.0,28.0,29.0,27.0,22.0,24.0,23.0,20.0,16.0,16.0,15.0,15.0,18.0,18.0
constantroll,10.0,10.0,10.0,12.0,13.0,13.0,13.0,16.0,16.0,16.0,22.0,23.0,23.0,23.0,20.0,15.0,15.0,15.0,15.0,15.0,15.0,13.0,13.0,13.0,18.0,18.0
ghostfree,26.0,25.0,21.0,16.0,17.0,11.0,11.0,8.0,8.0,10.0,10.0,11.0,11.0,13.0,14.0,14.0,13.0,14.0,15.0,14.0,13.0,15.0,15.0,16.0,17.0,18.0
seibergwitten,18.0,20.0,21.0,21.0,22.0,19.0,15.0,14.0,14.0,14.0,15.0,16.0,14.0,14.0,14.0,14.0,16.0,17.0,17.0,17.0,17.0,17.0,19.0,19.0,19.0,17.0
euler,30.0,28.0,28.0,28.0,28.0,29.0,29.0,29.0,29.0,24.0,24.0,25.0,25.0,24.0,25.0,24.0,26.0,25.0,26.0,25.0,22.0,21.0,21.0,21.0,18.0,17.0
abjm,21.0,24.0,22.0,22.0,22.0,22.0,21.0,24.0,23.0,23.0,23.0,24.0,23.0,23.0,24.0,25.0,25.0,25.0,26.0,26.0,23.0,23.0,23.0,22.0,17.0,17.0
highenergy,27.0,28.0,27.0,26.0,23.0,23.0,23.0,23.0,21.0,24.0,24.0,23.0,22.0,22.0,22.0,20.0,20.0,21.0,18.0,20.0,22.0,19.0,20.0,19.0,17.0,17.0
waals,7.0,9.0,9.0,12.0,11.0,10.0,10.0,10.0,10.0,11.0,14.0,14.0,17.0,17.0,17.0,17.0,17.0,17.0,17.0,17.0,17.0,18.0,18.0,18.0,17.0,17.0
rindler,20.0,20.0,20.0,13.0,9.0,9.0,10.0,10.0,15.0,15.0,17.0,17.0,18.0,17.0,19.0,18.0,17.0,19.0,19.0,20.0,20.0,21.0,21.0,17.0,17.0,17.0
aforementioned,13.0,14.0,14.0,15.0,15.0,15.0,13.0,13.0,14.0,13.0,12.0,12.0,11.0,11.0,11.0,11.0,14.0,16.0,16.0,16.0,16.0,17.0,17.0,16.0,17.0,17.0
oneparameter,7.0,8.0,8.0,8.0,8.0,8.0,10.0,10.0,11.0,12.0,12.0,14.0,14.0,14.0,14.0,15.0,15.0,15.0,17.0,17.0,18.0,17.0,17.0,17.0,16.0,17.0
cp,9.0,9.0,9.0,10.0,10.0,9.0,10.0,10.0,9.0,12.0,12.0,13.0,13.0,13.0,13.0,17.0,16.0,17.0,17.0,18.0,16.0,17.0,16.0,15.0,16.0,17.0
hadrons,7.0,6.0,6.0,7.0,7.0,7.0,8.0,9.0,9.0,9.0,9.0,9.0,9.0,9.0,8.0,8.0,8.0,8.0,8.0,7.0,8.0,8.0,8.0,13.0,16.0,17.0
rr,12.0,12.0,12.0,10.0,11.0,11.0,9.0,9.0,9.0,9.0,8.0,8.0,8.0,8.0,12.0,12.0,12.0,14.0,14.0,15.0,19.0,15.0,15.0,16.0,15.0,17.0
skyrmions,12.0,12.0,12.0,12.0,13.0,15.0,16.0,15.0,16.0,14.0,14.0,14.0,13.0,12.0,12.0,12.0,16.0,18.0,20.0,20.0,20.0,18.0,17.0,17.0,19.0,16.0
skyrme,26.0,27.0,27.0,27.0,26.0,31.0,33.0,29.0,29.0,26.0,26.0,26.0,25.0,25.0,23.0,22.0,23.0,20.0,22.0,22.0,22.0,20.0,19.0,20.0,18.0,16.0
gaugefixing,8.0,8.0,7.0,7.0,7.0,9.0,9.0,11.0,11.0,14.0,14.0,14.0,13.0,12.0,13.0,15.0,15.0,16.0,16.0,15.0,15.0,16.0,18.0,18.0,18.0,16.0
hopf,13.0,17.0,17.0,17.0,17.0,17.0,16.0,18.0,18.0,18.0,19.0,19.0,21.0,20.0,20.0,18.0,17.0,18.0,18.0,18.0,18.0,17.0,17.0,15.0,17.0,16.0
von,20.0,22.0,24.0,23.0,23.0,23.0,23.0,25.0,26.0,26.0,26.0,24.0,23.0,21.0,19.0,19.0,19.0,20.0,20.0,20.0,20.0,20.0,20.0,20.0,16.0,16.0
grossneveu,7.0,11.0,11.0,16.0,16.0,15.0,15.0,15.0,15.0,14.0,14.0,13.0,13.0,13.0,13.0,14.0,14.0,16.0,17.0,16.0,17.0,17.0,17.0,17.0,16.0,16.0
chern,18.0,19.0,19.0,20.0,20.0,20.0,21.0,21.0,22.0,20.0,19.0,18.0,16.0,17.0,17.0,17.0,17.0,18.0,18.0,19.0,16.0,15.0,17.0,16.0,16.0,16.0
cs,16.0,17.0,15.0,15.0,15.0,18.0,19.0,19.0,18.0,18.0,18.0,18.0,13.0,12.0,10.0,13.0,13.0,13.0,13.0,13.0,16.0,16.0,16.0,16.0,16.0,16.0
poisson,29.0,32.0,32.0,30.0,28.0,26.0,26.0,24.0,22.0,21.0,23.0,22.0,22.0,18.0,18.0,18.0,16.0,18.0,18.0,18.0,18.0,15.0,16.0,16.0,16.0,16.0
wavefunctions,15.0,15.0,15.0,16.0,16.0,16.0,16.0,17.0,17.0,18.0,16.0,18.0,18.0,19.0,18.0,17.0,17.0,19.0,18.0,16.0,15.0,15.0,17.0,15.0,16.0,16.0
friedmann,15.0,15.0,14.0,13.0,14.0,13.0,13.0,14.0,14.0,14.0,14.0,13.0,14.0,14.0,13.0,13.0,11.0,12.0,11.0,11.0,10.0,12.0,13.0,15.0,16.0,16.0
nearhorizon,29.0,25.0,26.0,27.0,27.0,24.0,23.0,20.0,20.0,19.0,17.0,17.0,16.0,17.0,14.0,13.0,13.0,12.0,12.0,14.0,13.0,13.0,14.0,14.0,16.0,16.0
baryons,21.0,15.0,15.0,15.0,15.0,16.0,16.0,16.0,16.0,11.0,14.0,13.0,12.0,12.0,12.0,12.0,10.0,15.0,15.0,15.0,15.0,12.0,13.0,13.0,16.0,16.0
bfkl,7.0,7.0,7.0,7.0,7.0,7.0,7.0,9.0,9.0,12.0,12.0,12.0,8.0,7.0,7.0,6.0,6.0,6.0,9.0,9.0,9.0,9.0,9.0,9.0,16.0,16.0
floquet,15.0,15.0,12.0,12.0,8.0,8.0,10.0,10.0,10.0,10.0,9.0,10.0,22.0,22.0,22.0,22.0,22.0,22.0,22.0,22.0,22.0,16.0,16.0,15.0,15.0,16.0
gromovwitten,10.0,10.0,10.0,10.0,10.0,10.0,10.0,9.0,10.0,8.0,9.0,10.0,10.0,9.0,9.0,9.0,10.0,9.0,8.0,13.0,16.0,16.0,16.0,15.0,15.0,16.0
nonnegative,5.0,6.0,6.0,6.0,5.0,5.0,6.0,7.0,6.0,6.0,6.0,8.0,8.0,7.0,7.0,7.0,8.0,10.0,12.0,13.0,13.0,14.0,13.0,14.0,15.0,16.0
renormalizability,15.0,17.0,15.0,14.0,13.0,12.0,12.0,14.0,14.0,16.0,15.0,15.0,15.0,16.0,17.0,16.0,16.0,17.0,19.0,17.0,17.0,16.0,15.0,15.0,14.0,16.0
goldstino,9.0,9.0,9.0,9.0,9.0,10.0,14.0,14.0,14.0,14.0,13.0,13.0,13.0,13.0,13.0,13.0,15.0,12.0,12.0,12.0,11.0,11.0,13.0,13.0,12.0,16.0
kacmoody,18.0,16.0,16.0,14.0,13.0,13.0,12.0,13.0,13.0,14.0,14.0,13.0,16.0,15.0,15.0,15.0,15.0,12.0,12.0,18.0,19.0,18.0,19.0,18.0,17.0,15.0
infinitedimensional,7.0,8.0,8.0,8.0,8.0,8.0,7.0,6.0,6.0,7.0,8.0,11.0,11.0,13.0,13.0,13.0,16.0,16.0,16.0,17.0,18.0,18.0,18.0,17.0,16.0,15.0
lightest,7.0,6.0,9.0,10.0,10.0,11.0,11.0,11.0,8.0,9.0,10.0,11.0,11.0,12.0,12.0,12.0,12.0,14.0,15.0,15.0,16.0,16.0,16.0,15.0,16.0,15.0
desitter,12.0,11.0,13.0,10.0,10.0,11.0,12.0,12.0,12.0,13.0,13.0,14.0,15.0,15.0,16.0,19.0,19.0,19.0,18.0,18.0,17.0,20.0,20.0,20.0,15.0,15.0
hyperscaling,14.0,15.0,15.0,15.0,15.0,15.0,16.0,17.0,16.0,16.0,16.0,16.0,16.0,19.0,19.0,21.0,24.0,24.0,23.0,24.0,21.0,21.0,21.0,19.0,15.0,15.0
supermultiplets,15.0,15.0,12.0,12.0,13.0,12.0,12.0,12.0,12.0,12.0,14.0,14.0,15.0,16.0,16.0,16.0,16.0,16.0,16.0,17.0,19.0,19.0,19.0,18.0,15.0,15.0
realisation,14.0,18.0,22.0,22.0,22.0,22.0,19.0,20.0,19.0,19.0,19.0,17.0,17.0,17.0,17.0,17.0,18.0,18.0,19.0,18.0,18.0,18.0,17.0,17.0,15.0,15.0
adimensional,13.0,13.0,13.0,13.0,13.0,13.0,12.0,13.0,12.0,11.0,11.0,13.0,13.0,13.0,13.0,13.0,13.0,14.0,15.0,16.0,15.0,15.0,15.0,16.0,15.0,15.0
superradiant,17.0,18.0,18.0,20.0,20.0,20.0,20.0,20.0,21.0,21.0,22.0,23.0,22.0,22.0,21.0,18.0,18.0,17.0,17.0,17.0,17.0,17.0,18.0,15.0,15.0,15.0
supertranslations,6.0,8.0,8.0,8.0,7.0,7.0,7.0,7.0,8.0,8.0,6.0,6.0,7.0,7.0,7.0,7.0,8.0,9.0,15.0,15.0,15.0,15.0,15.0,15.0,15.0,15.0
cpt,13.0,13.0,13.0,12.0,12.0,12.0,12.0,9.0,4.0,9.0,12.0,13.0,13.0,13.0,13.0,13.0,13.0,13.0,13.0,14.0,14.0,15.0,15.0,15.0,15.0,15.0
timescale,10.0,9.0,9.0,8.0,8.0,9.0,10.0,14.0,14.0,14.0,13.0,13.0,9.0,9.0,9.0,9.0,8.0,13.0,13.0,13.0,14.0,15.0,15.0,15.0,15.0,15.0
twoform,9.0,9.0,9.0,9.0,10.0,11.0,11.0,11.0,10.0,11.0,12.0,10.0,10.0,9.0,10.0,12.0,13.0,13.0,14.0,14.0,14.0,15.0,13.0,15.0,15.0,15.0
bimetric,22.0,22.0,22.0,19.0,22.0,18.0,17.0,13.0,13.0,13.0,13.0,17.0,15.0,16.0,17.0,17.0,15.0,15.0,15.0,15.0,13.0,14.0,14.0,14.0,15.0,15.0
resummation,28.0,30.0,32.0,32.0,33.0,24.0,24.0,24.0,24.0,25.0,25.0,24.0,25.0,23.0,23.0,21.0,20.0,21.0,18.0,18.0,18.0,16.0,16.0,12.0,15.0,15.0
mhv,8.0,8.0,8.0,8.0,9.0,15.0,15.0,14.0,14.0,14.0,14.0,13.0,13.0,13.0,13.0,11.0,11.0,11.0,12.0,12.0,12.0,11.0,11.0,11.0,15.0,15.0
worldline,17.0,18.0,18.0,20.0,21.0,23.0,23.0,23.0,21.0,23.0,23.0,23.0,23.0,22.0,21.0,21.0,23.0,24.0,24.0,24.0,24.0,21.0,18.0,16.0,14.0,15.0
largescale,9.0,9.0,9.0,9.0,7.0,7.0,7.0,8.0,9.0,7.0,12.0,13.0,14.0,14.0,14.0,14.0,16.0,16.0,18.0,18.0,17.0,15.0,14.0,15.0,14.0,15.0
nonperturbatively,10.0,12.0,12.0,12.0,11.0,10.0,9.0,10.0,12.0,13.0,13.0,13.0,13.0,13.0,13.0,13.0,13.0,13.0,12.0,13.0,13.0,15.0,14.0,14.0,14.0,15.0
righthanded,15.0,16.0,18.0,18.0,17.0,17.0,17.0,18.0,16.0,16.0,16.0,17.0,17.0,17.0,16.0,15.0,14.0,15.0,14.0,15.0,16.0,16.0,17.0,15.0,13.0,15.0
pseudoscalar,8.0,9.0,9.0,6.0,6.0,6.0,7.0,7.0,7.0,7.0,7.0,8.0,8.0,8.0,8.0,9.0,13.0,14.0,14.0,13.0,14.0,15.0,14.0,13.0,13.0,15.0
cauchy,16.0,16.0,18.0,18.0,18.0,18.0,18.0,18.0,18.0,19.0,19.0,18.0,18.0,17.0,18.0,16.0,14.0,14.0,13.0,9.0,11.0,11.0,10.0,10.0,13.0,15.0
bispectrum,20.0,22.0,21.0,21.0,14.0,14.0,15.0,15.0,15.0,15.0,14.0,15.0,16.0,16.0,17.0,17.0,15.0,15.0,15.0,15.0,14.0,12.0,14.0,13.0,12.0,15.0
pbhs,13.0,12.0,12.0,11.0,11.0,11.0,11.0,11.0,7.0,7.0,7.0,7.0,3.0,1.0,2.0,2.0,2.0,2.0,5.0,9.0,8.0,8.0,8.0,8.0,12.0,15.0
phasespace,8.0,6.0,9.0,10.0,10.0,11.0,12.0,12.0,12.0,12.0,14.0,15.0,15.0,15.0,17.0,17.0,17.0,18.0,16.0,16.0,17.0,17.0,16.0,16.0,16.0,14.0
microstate,11.0,11.0,11.0,12.0,10.0,10.0,9.0,9.0,9.0,12.0,18.0,18.0,18.0,18.0,18.0,18.0,17.0,17.0,17.0,17.0,18.0,18.0,18.0,16.0,15.0,14.0
orientifold,9.0,8.0,6.0,7.0,7.0,7.0,5.0,5.0,7.0,7.0,9.0,10.0,10.0,11.0,11.0,11.0,13.0,14.0,14.0,15.0,15.0,16.0,16.0,16.0,15.0,14.0
sp,6.0,8.0,8.0,9.0,9.0,9.0,9.0,9.0,10.0,10.0,17.0,17.0,17.0,17.0,17.0,17.0,17.0,18.0,18.0,18.0,20.0,20.0,19.0,16.0,14.0,14.0
deconfined,13.0,9.0,8.0,8.0,9.0,9.0,10.0,9.0,9.0,9.0,9.0,9.0,9.0,10.0,12.0,12.0,15.0,14.0,15.0,13.0,14.0,15.0,15.0,16.0,14.0,14.0
langlands,9.0,9.0,6.0,5.0,4.0,4.0,3.0,3.0,2.0,2.0,2.0,2.0,2.0,2.0,2.0,4.0,13.0,13.0,13.0,16.0,16.0,15.0,15.0,15.0,14.0,14.0
eigenstate,10.0,10.0,9.0,10.0,8.0,11.0,11.0,12.0,12.0,12.0,13.0,14.0,13.0,14.0,13.0,13.0,15.0,15.0,15.0,15.0,15.0,15.0,15.0,15.0,14.0,14.0
baryonic,18.0,18.0,18.0,17.0,15.0,15.0,15.0,15.0,15.0,13.0,14.0,14.0,14.0,14.0,14.0,13.0,13.0,13.0,14.0,16.0,13.0,15.0,15.0,15.0,14.0,14.0
nonfermi,10.0,10.0,10.0,10.0,12.0,12.0,13.0,13.0,16.0,16.0,16.0,15.0,15.0,17.0,16.0,17.0,17.0,14.0,14.0,14.0,14.0,13.0,15.0,15.0,14.0,14.0
palatini,10.0,10.0,10.0,8.0,8.0,8.0,11.0,10.0,12.0,12.0,13.0,14.0,14.0,14.0,14.0,14.0,13.0,14.0,14.0,14.0,14.0,16.0,16.0,14.0,14.0,14.0
eth,10.0,10.0,10.0,13.0,13.0,16.0,16.0,14.0,14.0,14.0,14.0,14.0,14.0,17.0,17.0,17.0,18.0,18.0,18.0,18.0,18.0,18.0,14.0,14.0,14.0,14.0
dirichlet,25.0,23.0,23.0,24.0,25.0,25.0,26.0,28.0,25.0,24.0,22.0,24.0,22.0,16.0,16.0,15.0,16.0,17.0,16.0,16.0,16.0,14.0,14.0,14.0,14.0,14.0
klein,10.0,10.0,5.0,4.0,4.0,3.0,3.0,5.0,6.0,6.0,7.0,7.0,6.0,13.0,13.0,13.0,13.0,15.0,15.0,15.0,15.0,14.0,14.0,14.0,14.0,14.0
higgsplosion,0.0,0.0,0.0,0.0,0.0,0.0,0.0,7.0,7.0,7.0,7.0,7.0,7.0,7.0,7.0,7.0,7.0,7.0,7.0,14.0,14.0,14.0,14.0,14.0,14.0,14.0
poissonlie,5.0,5.0,6.0,7.0,7.0,7.0,5.0,5.0,5.0,3.0,6.0,6.0,6.0,10.0,10.0,11.0,12.0,12.0,12.0,13.0,14.0,14.0,14.0,14.0,14.0,14.0
kerrnewman,10.0,10.0,11.0,11.0,11.0,11.0,11.0,10.0,10.0,8.0,9.0,9.0,9.0,7.0,7.0,7.0,6.0,12.0,12.0,13.0,13.0,12.0,14.0,14.0,14.0,14.0
comoving,10.0,12.0,11.0,10.0,11.0,11.0,12.0,12.0,12.0,12.0,12.0,12.0,12.0,12.0,11.0,11.0,12.0,13.0,13.0,13.0,14.0,13.0,13.0,14.0,14.0,14.0
hagedorn,6.0,7.0,7.0,7.0,7.0,7.0,7.0,7.0,7.0,2.0,4.0,3.0,4.0,4.0,5.0,8.0,9.0,10.0,10.0,10.0,11.0,11.0,11.0,14.0,14.0,14.0
lv,3.0,3.0,3.0,3.0,3.0,3.0,3.0,3.0,3.0,3.0,3.0,3.0,1.0,1.0,1.0,1.0,4.0,4.0,4.0,4.0,4.0,4.0,4.0,14.0,14.0,14.0
hepth,12.0,12.0,11.0,11.0,11.0,7.0,4.0,7.0,6.0,5.0,4.0,11.0,11.0,11.0,10.0,10.0,10.0,10.0,11.0,11.0,11.0,11.0,13.0,13.0,14.0,14.0
modelindependent,9.0,10.0,10.0,9.0,9.0,10.0,10.0,10.0,10.0,11.0,10.0,10.0,10.0,10.0,10.0,9.0,9.0,10.0,10.0,10.0,10.0,10.0,11.0,13.0,14.0,14.0
scaleinvariant,9.0,9.0,9.0,9.0,9.0,9.0,9.0,9.0,9.0,9.0,10.0,11.0,11.0,10.0,9.0,9.0,11.0,12.0,13.0,13.0,13.0,13.0,10.0,11.0,14.0,14.0
ambitwistor,4.0,4.0,4.0,4.0,5.0,5.0,5.0,5.0,5.0,7.0,7.0,9.0,9.0,9.0,9.0,12.0,13.0,13.0,17.0,17.0,17.0,17.0,14.0,14.0,13.0,14.0
thermofield,6.0,7.0,7.0,5.0,5.0,5.0,7.0,8.0,9.0,9.0,9.0,11.0,12.0,12.0,12.0,13.0,13.0,13.0,13.0,13.0,13.0,14.0,14.0,14.0,13.0,14.0
bogoliubov,17.0,19.0,18.0,18.0,17.0,16.0,16.0,16.0,16.0,18.0,18.0,18.0,17.0,17.0,21.0,21.0,13.0,15.0,15.0,15.0,16.0,14.0,13.0,13.0,13.0,14.0
quasiparticle,17.0,19.0,19.0,19.0,17.0,17.0,16.0,16.0,16.0,18.0,19.0,19.0,18.0,18.0,19.0,19.0,15.0,13.0,13.0,13.0,13.0,12.0,11.0,11.0,13.0,14.0
dft,15.0,18.0,18.0,18.0,18.0,18.0,22.0,20.0,18.0,18.0,18.0,18.0,10.0,10.0,10.0,10.0,10.0,10.0,10.0,10.0,13.0,12.0,12.0,12.0,12.0,14.0
landauginzburg,10.0,10.0,10.0,10.0,10.0,10.0,11.0,10.0,8.0,8.0,8.0,9.0,11.0,9.0,10.0,10.0,10.0,11.0,10.0,10.0,10.0,12.0,12.0,11.0,12.0,14.0
realised,7.0,8.0,7.0,7.0,7.0,7.0,7.0,8.0,8.0,8.0,8.0,8.0,9.0,9.0,9.0,9.0,10.0,10.0,10.0,12.0,13.0,13.0,11.0,11.0,12.0,14.0
threeform,10.0,10.0,10.0,9.0,9.0,9.0,12.0,12.0,11.0,12.0,8.0,8.0,8.0,7.0,9.0,9.0,9.0,10.0,10.0,10.0,10.0,11.0,11.0,11.0,11.0,14.0
xxz,8.0,8.0,7.0,7.0,5.0,5.0,5.0,5.0,5.0,6.0,6.0,7.0,7.0,6.0,7.0,7.0,7.0,7.0,7.0,7.0,7.0,7.0,8.0,9.0,11.0,14.0
polyakov,18.0,18.0,19.0,21.0,21.0,19.0,20.0,20.0,18.0,20.0,20.0,18.0,18.0,19.0,19.0,20.0,19.0,19.0,19.0,19.0,18.0,15.0,15.0,16.0,15.0,13.0
eos,5.0,5.0,5.0,5.0,5.0,5.0,10.0,10.0,9.0,9.0,11.0,12.0,12.0,12.0,12.0,12.0,12.0,12.0,12.0,12.0,12.0,14.0,14.0,15.0,15.0,13.0
hypermultiplet,16.0,19.0,21.0,21.0,20.0,19.0,18.0,19.0,19.0,19.0,19.0,20.0,20.0,20.0,20.0,19.0,19.0,19.0,18.0,18.0,13.0,15.0,15.0,18.0,14.0,13.0
penrose,13.0,12.0,13.0,12.0,11.0,11.0,12.0,12.0,12.0,11.0,11.0,11.0,11.0,11.0,11.0,12.0,10.0,11.0,11.0,11.0,11.0,11.0,12.0,14.0,13.0,13.0
weinberg,7.0,7.0,8.0,8.0,8.0,8.0,9.0,9.0,9.0,10.0,9.0,9.0,10.0,10.0,9.0,10.0,11.0,12.0,11.0,11.0,11.0,14.0,15.0,13.0,13.0,13.0
bhs,32.0,32.0,31.0,29.0,29.0,20.0,20.0,20.0,17.0,18.0,18.0,19.0,20.0,20.0,15.0,15.0,15.0,15.0,15.0,15.0,15.0,20.0,13.0,13.0,13.0,13.0
meanfield,3.0,3.0,3.0,3.0,3.0,3.0,3.0,3.0,6.0,7.0,8.0,8.0,7.0,8.0,8.0,9.0,11.0,14.0,14.0,14.0,14.0,13.0,13.0,13.0,13.0,13.0
kk,32.0,33.0,33.0,33.0,33.0,35.0,29.0,23.0,23.0,23.0,23.0,23.0,19.0,15.0,17.0,17.0,15.0,17.0,16.0,16.0,12.0,13.0,13.0,13.0,13.0,13.0
swave,3.0,2.0,2.0,2.0,4.0,4.0,4.0,4.0,4.0,4.0,4.0,4.0,4.0,4.0,4.0,4.0,3.0,4.0,4.0,4.0,11.0,12.0,13.0,13.0,13.0,13.0
schur,14.0,14.0,13.0,13.0,13.0,13.0,13.0,13.0,12.0,11.0,11.0,11.0,11.0,12.0,11.0,10.0,11.0,11.0,11.0,11.0,10.0,10.0,11.0,13.0,13.0,13.0
eigenmodes,7.0,7.0,7.0,7.0,7.0,6.0,6.0,6.0,5.0,8.0,8.0,15.0,15.0,15.0,15.0,14.0,14.0,15.0,15.0,15.0,13.0,12.0,12.0,12.0,13.0,13.0
starobinsky,9.0,9.0,9.0,9.0,12.0,12.0,12.0,12.0,11.0,11.0,11.0,11.0,11.0,12.0,12.0,12.0,11.0,10.0,10.0,10.0,10.0,12.0,12.0,12.0,13.0,13.0
bcfw,1.0,2.0,3.0,3.0,3.0,5.0,5.0,5.0,5.0,5.0,5.0,8.0,8.0,10.0,10.0,10.0,10.0,10.0,10.0,11.0,11.0,11.0,12.0,12.0,13.0,13.0
generalise,6.0,5.0,6.0,7.0,7.0,8.0,8.0,9.0,10.0,11.0,11.0,11.0,11.0,11.0,11.0,12.0,12.0,12.0,11.0,11.0,11.0,11.0,11.0,12.0,13.0,13.0
chromodynamics,13.0,14.0,14.0,14.0,14.0,15.0,14.0,14.0,13.0,13.0,13.0,13.0,13.0,14.0,15.0,12.0,12.0,11.0,11.0,10.0,10.0,9.0,11.0,12.0,13.0,13.0
hypermultiplets,27.0,27.0,27.0,28.0,25.0,23.0,26.0,26.0,26.0,27.0,27.0,23.0,23.0,19.0,19.0,19.0,18.0,18.0,19.0,18.0,20.0,17.0,18.0,15.0,12.0,13.0
pointlike,6.0,6.0,8.0,8.0,10.0,10.0,10.0,10.0,10.0,11.0,11.0,12.0,13.0,13.0,13.0,14.0,14.0,14.0,14.0,12.0,14.0,14.0,13.0,12.0,12.0,13.0
polylogarithms,20.0,20.0,20.0,19.0,19.0,18.0,17.0,12.0,13.0,15.0,16.0,16.0,16.0,15.0,15.0,15.0,15.0,15.0,15.0,17.0,17.0,11.0,10.0,12.0,12.0,13.0
quasitopological,4.0,4.0,4.0,6.0,6.0,6.0,8.0,8.0,8.0,8.0,8.0,8.0,15.0,15.0,15.0,11.0,11.0,11.0,11.0,11.0,11.0,11.0,11.0,11.0,11.0,13.0
postnewtonian,5.0,5.0,4.0,4.0,4.0,9.0,9.0,9.0,10.0,10.0,9.0,10.0,9.0,9.0,9.0,9.0,9.0,9.0,9.0,10.0,10.0,10.0,10.0,11.0,11.0,13.0
otoc,16.0,16.0,16.0,17.0,15.0,15.0,15.0,13.0,9.0,8.0,8.0,8.0,8.0,6.0,6.0,2.0,2.0,2.0,2.0,2.0,3.0,3.0,3.0,3.0,3.0,13.0
bayesian,8.0,8.0,8.0,9.0,9.0,9.0,9.0,5.0,6.0,6.0,6.0,9.0,9.0,9.0,9.0,10.0,10.0,11.0,11.0,12.0,12.0,11.0,15.0,14.0,14.0,12.0
finitedimensional,20.0,20.0,20.0,19.0,19.0,19.0,19.0,19.0,15.0,16.0,16.0,18.0,18.0,19.0,19.0,16.0,16.0,15.0,14.0,14.0,16.0,14.0,13.0,13.0,13.0,12.0
holonomy,13.0,12.0,13.0,13.0,13.0,13.0,13.0,14.0,13.0,15.0,14.0,10.0,11.0,11.0,11.0,12.0,12.0,12.0,12.0,12.0,14.0,13.0,13.0,13.0,13.0,12.0
smarr,4.0,4.0,4.0,3.0,6.0,8.0,8.0,8.0,8.0,8.0,8.0,8.0,7.0,7.0,8.0,8.0,8.0,8.0,9.0,11.0,10.0,10.0,12.0,13.0,13.0,12.0
proca,18.0,14.0,15.0,14.0,16.0,16.0,16.0,14.0,15.0,12.0,12.0,11.0,11.0,12.0,12.0,12.0,12.0,12.0,10.0,7.0,7.0,9.0,11.0,11.0,13.0,12.0
fractal,6.0,6.0,6.0,6.0,6.0,14.0,14.0,14.0,15.0,15.0,15.0,15.0,14.0,12.0,12.0,12.0,14.0,14.0,14.0,13.0,13.0,14.0,14.0,14.0,12.0,12.0
ultralight,9.0,10.0,10.0,10.0,9.0,7.0,5.0,5.0,8.0,8.0,8.0,8.0,8.0,8.0,8.0,9.0,9.0,9.0,11.0,11.0,11.0,13.0,13.0,13.0,12.0,12.0
hartlehawking,4.0,4.0,4.0,4.0,5.0,5.0,4.0,4.0,4.0,5.0,5.0,7.0,7.0,9.0,9.0,9.0,9.0,9.0,9.0,10.0,11.0,13.0,13.0,13.0,12.0,12.0
nonlinearly,11.0,12.0,12.0,12.0,12.0,12.0,15.0,16.0,15.0,14.0,14.0,13.0,13.0,14.0,14.0,15.0,18.0,17.0,17.0,17.0,19.0,17.0,14.0,12.0,12.0,12.0
scft,27.0,27.0,27.0,27.0,29.0,29.0,29.0,29.0,29.0,29.0,27.0,26.0,25.0,23.0,23.0,23.0,23.0,22.0,18.0,17.0,17.0,16.0,14.0,12.0,12.0,12.0
finetuning,10.0,10.0,10.0,12.0,10.0,10.0,10.0,10.0,10.0,9.0,9.0,8.0,8.0,8.0,8.0,9.0,10.0,11.0,11.0,11.0,12.0,12.0,14.0,12.0,12.0,12.0
kaehler,2.0,1.0,1.0,1.0,1.0,5.0,8.0,8.0,8.0,8.0,11.0,12.0,12.0,12.0,12.0,13.0,13.0,13.0,13.0,13.0,13.0,13.0,12.0,12.0,12.0,12.0
nearzero,5.0,5.0,5.0,5.0,5.0,4.0,4.0,4.0,4.0,4.0,9.0,9.0,9.0,9.0,9.0,9.0,12.0,12.0,12.0,12.0,12.0,12.0,12.0,12.0,12.0,12.0
gb,3.0,3.0,3.0,1.0,1.0,0.0,0.0,0.0,2.0,2.0,2.0,2.0,2.0,2.0,2.0,8.0,12.0,12.0,12.0,12.0,12.0,12.0,12.0,12.0,12.0,12.0
thedimensional,6.0,6.0,6.0,7.0,7.0,7.0,7.0,7.0,7.0,8.0,12.0,13.0,11.0,11.0,11.0,10.0,11.0,10.0,10.0,10.0,11.0,11.0,12.0,12.0,12.0,12.0
gibbs,15.0,15.0,15.0,15.0,15.0,13.0,14.0,14.0,14.0,17.0,18.0,18.0,17.0,18.0,18.0,13.0,13.0,13.0,14.0,14.0,14.0,14.0,12.0,11.0,12.0,12.0
exceeds,5.0,4.0,5.0,5.0,5.0,5.0,6.0,7.0,7.0,7.0,7.0,7.0,8.0,7.0,8.0,9.0,9.0,9.0,9.0,9.0,11.0,11.0,11.0,11.0,12.0,12.0
multitrace,0.0,1.0,1.0,2.0,3.0,4.0,4.0,4.0,4.0,4.0,4.0,5.0,5.0,9.0,9.0,9.0,9.0,9.0,9.0,9.0,9.0,11.0,11.0,11.0,12.0,12.0
frobenius,6.0,6.0,7.0,8.0,7.0,7.0,7.0,8.0,8.0,8.0,8.0,9.0,10.0,10.0,10.0,7.0,7.0,7.0,7.0,7.0,7.0,6.0,10.0,10.0,12.0,12.0
lightfront,9.0,10.0,10.0,10.0,10.0,11.0,11.0,11.0,11.0,11.0,15.0,15.0,14.0,13.0,12.0,11.0,12.0,12.0,9.0,9.0,9.0,9.0,9.0,9.0,12.0,12.0
parketaylor,2.0,2.0,2.0,2.0,2.0,5.0,5.0,5.0,5.0,6.0,6.0,9.0,9.0,9.0,9.0,7.0,8.0,8.0,8.0,8.0,8.0,8.0,8.0,8.0,12.0,12.0
elevendimensional,12.0,12.0,12.0,13.0,15.0,16.0,18.0,18.0,18.0,18.0,18.0,14.0,13.0,13.0,13.0,13.0,13.0,14.0,14.0,14.0,14.0,12.0,13.0,12.0,11.0,12.0
wkb,16.0,17.0,17.0,17.0,17.0,19.0,19.0,18.0,14.0,13.0,13.0,14.0,14.0,13.0,12.0,12.0,13.0,13.0,13.0,13.0,13.0,13.0,12.0,11.0,11.0,12.0
vev,14.0,14.0,15.0,15.0,16.0,16.0,13.0,14.0,13.0,13.0,13.0,13.0,13.0,12.0,12.0,14.0,18.0,19.0,16.0,16.0,13.0,12.0,11.0,11.0,11.0,12.0
efolds,8.0,8.0,9.0,12.0,11.0,11.0,11.0,13.0,14.0,14.0,14.0,14.0,14.0,13.0,13.0,13.0,13.0,12.0,12.0,13.0,13.0,12.0,11.0,11.0,11.0,12.0
microstates,21.0,21.0,23.0,19.0,19.0,19.0,17.0,18.0,18.0,15.0,15.0,15.0,17.0,17.0,15.0,13.0,11.0,11.0,11.0,11.0,11.0,11.0,11.0,10.0,10.0,12.0
shortdistance,4.0,5.0,5.0,6.0,5.0,5.0,5.0,8.0,8.0,8.0,8.0,9.0,9.0,8.0,8.0,8.0,8.0,9.0,9.0,9.0,9.0,9.0,9.0,10.0,10.0,12.0
rmatrix,1.0,2.0,2.0,2.0,2.0,2.0,2.0,2.0,2.0,2.0,2.0,3.0,6.0,6.0,6.0,6.0,6.0,6.0,6.0,7.0,7.0,8.0,8.0,9.0,9.0,12.0
outoftimeordered,10.0,10.0,10.0,9.0,9.0,9.0,9.0,9.0,5.0,5.0,5.0,5.0,5.0,4.0,4.0,3.0,4.0,4.0,4.0,4.0,8.0,8.0,9.0,7.0,7.0,12.0
selfinteracting,15.0,14.0,17.0,17.0,16.0,14.0,13.0,13.0,12.0,11.0,10.0,8.0,8.0,8.0,10.0,10.0,10.0,10.0,12.0,13.0,13.0,13.0,13.0,13.0,12.0,11.0
wesszumino,22.0,23.0,24.0,20.0,19.0,18.0,14.0,16.0,16.0,16.0,16.0,16.0,17.0,16.0,16.0,14.0,13.0,14.0,14.0,14.0,16.0,17.0,13.0,12.0,12.0,11.0
gravitationalwave,11.0,11.0,10.0,10.0,10.0,9.0,9.0,8.0,9.0,10.0,12.0,12.0,12.0,11.0,11.0,12.0,12.0,11.0,12.0,12.0,12.0,12.0,13.0,12.0,12.0,11.0
selfinteraction,14.0,13.0,13.0,10.0,12.0,11.0,13.0,14.0,13.0,13.0,13.0,14.0,12.0,13.0,13.0,14.0,14.0,14.0,11.0,11.0,11.0,11.0,11.0,12.0,12.0,11.0
selfduality,10.0,11.0,12.0,12.0,11.0,11.0,11.0,11.0,10.0,11.0,11.0,13.0,12.0,12.0,11.0,11.0,11.0,11.0,12.0,13.0,11.0,11.0,11.0,11.0,12.0,11.0
frw,20.0,19.0,19.0,20.0,20.0,20.0,18.0,18.0,17.0,16.0,17.0,17.0,16.0,17.0,16.0,16.0,15.0,16.0,16.0,16.0,18.0,15.0,17.0,12.0,11.0,11.0
broader,6.0,6.0,6.0,6.0,6.0,6.0,6.0,7.0,7.0,9.0,11.0,11.0,12.0,12.0,12.0,13.0,12.0,13.0,13.0,13.0,13.0,12.0,12.0,12.0,11.0,11.0
supermultiplet,12.0,13.0,14.0,12.0,12.0,12.0,13.0,13.0,13.0,13.0,13.0,14.0,12.0,12.0,11.0,11.0,12.0,11.0,11.0,12.0,12.0,12.0,11.0,12.0,11.0,11.0
einsteinmaxwell,10.0,10.0,11.0,12.0,13.0,12.0,12.0,12.0,12.0,12.0,13.0,14.0,14.0,14.0,13.0,13.0,12.0,13.0,12.0,13.0,12.0,13.0,13.0,11.0,11.0,11.0
fourfermion,7.0,7.0,7.0,9.0,8.0,8.0,8.0,10.0,11.0,11.0,10.0,10.0,10.0,14.0,11.0,12.0,13.0,13.0,13.0,13.0,13.0,13.0,11.0,11.0,11.0,11.0
nf,4.0,5.0,5.0,5.0,5.0,5.0,10.0,10.0,11.0,11.0,11.0,11.0,11.0,11.0,11.0,12.0,12.0,12.0,11.0,11.0,11.0,11.0,11.0,11.0,11.0,11.0
pidm,0.0,0.0,0.0,0.0,0.0,0.0,0.0,11.0,11.0,11.0,11.0,11.0,11.0,11.0,11.0,11.0,11.0,11.0,11.0,11.0,11.0,11.0,11.0,11.0,11.0,11.0
selfadjoint,6.0,7.0,7.0,7.0,7.0,7.0,7.0,8.0,7.0,11.0,11.0,9.0,7.0,10.0,10.0,10.0,10.0,10.0,11.0,11.0,11.0,11.0,11.0,11.0,11.0,11.0
pomeron,9.0,10.0,10.0,10.0,9.0,9.0,12.0,12.0,12.0,12.0,12.0,12.0,10.0,10.0,10.0,10.0,10.0,10.0,9.0,11.0,11.0,11.0,11.0,11.0,11.0,11.0
leibniz,6.0,2.0,2.0,2.0,3.0,3.0,3.0,3.0,3.0,3.0,3.0,3.0,8.0,8.0,10.0,10.0,10.0,10.0,10.0,10.0,10.0,11.0,11.0,11.0,11.0,11.0
lqg,9.0,9.0,9.0,9.0,9.0,9.0,9.0,9.0,9.0,9.0,9.0,7.0,5.0,5.0,5.0,3.0,3.0,9.0,9.0,9.0,10.0,11.0,11.0,11.0,11.0,11.0
nongaussian,17.0,18.0,17.0,17.0,15.0,16.0,17.0,12.0,12.0,11.0,10.0,10.0,10.0,10.0,11.0,10.0,9.0,10.0,10.0,11.0,11.0,10.0,11.0,11.0,11.0,11.0
tachyonic,6.0,6.0,6.0,6.0,6.0,9.0,8.0,8.0,6.0,8.0,8.0,8.0,8.0,8.0,9.0,9.0,10.0,10.0,10.0,10.0,10.0,10.0,11.0,11.0,11.0,11.0
anapole,0.0,0.0,0.0,0.0,0.0,0.0,0.0,0.0,0.0,0.0,0.0,0.0,0.0,0.0,0.0,0.0,0.0,0.0,0.0,0.0,10.0,10.0,11.0,11.0,11.0,11.0
textit,15.0,15.0,15.0,15.0,15.0,15.0,15.0,15.0,15.0,17.0,19.0,19.0,19.0,20.0,20.0,15.0,15.0,15.0,15.0,16.0,17.0,10.0,10.0,11.0,11.0,11.0
fock,19.0,19.0,20.0,17.0,18.0,18.0,18.0,18.0,15.0,16.0,15.0,14.0,14.0,16.0,18.0,17.0,14.0,14.0,13.0,13.0,14.0,12.0,12.0,10.0,11.0,11.0
reissnernordstrom,16.0,17.0,18.0,16.0,17.0,16.0,15.0,17.0,16.0,16.0,16.0,15.0,15.0,15.0,11.0,11.0,10.0,10.0,10.0,10.0,11.0,10.0,10.0,10.0,11.0,11.0
endpoint,11.0,11.0,11.0,11.0,10.0,10.0,10.0,11.0,11.0,12.0,12.0,13.0,11.0,11.0,11.0,9.0,10.0,10.0,10.0,9.0,11.0,10.0,10.0,10.0,11.0,11.0
backreacted,1.0,1.0,1.0,1.0,1.0,1.0,2.0,2.0,2.0,2.0,4.0,4.0,3.0,3.0,3.0,3.0,4.0,4.0,6.0,9.0,9.0,9.0,10.0,10.0,11.0,11.0
etc,18.0,20.0,20.0,17.0,17.0,16.0,16.0,16.0,17.0,16.0,15.0,13.0,13.0,13.0,12.0,12.0,13.0,13.0,13.0,14.0,14.0,12.0,9.0,10.0,11.0,11.0
sinegordon,14.0,12.0,12.0,12.0,12.0,11.0,9.0,9.0,8.0,8.0,7.0,7.0,5.0,5.0,5.0,5.0,6.0,8.0,11.0,10.0,10.0,10.0,9.0,9.0,11.0,11.0
axionlike,4.0,4.0,5.0,5.0,4.0,4.0,4.0,6.0,6.0,6.0,6.0,7.0,7.0,8.0,8.0,9.0,10.0,10.0,10.0,10.0,10.0,10.0,8.0,8.0,11.0,11.0
sugra,0.0,0.0,2.0,2.0,2.0,2.0,3.0,3.0,3.0,4.0,4.0,4.0,4.0,4.0,4.0,4.0,4.0,4.0,4.0,8.0,8.0,8.0,8.0,8.0,11.0,11.0
cy,9.0,9.0,9.0,9.0,9.0,9.0,9.0,9.0,9.0,9.0,9.0,9.0,9.0,9.0,9.0,9.0,9.0,8.0,4.0,4.0,4.0,4.0,8.0,8.0,11.0,11.0
isospin,17.0,19.0,19.0,22.0,23.0,22.0,19.0,18.0,18.0,14.0,14.0,12.0,12.0,11.0,10.0,10.0,11.0,12.0,12.0,11.0,11.0,11.0,11.0,10.0,10.0,11.0
oneparticle,4.0,4.0,5.0,5.0,7.0,7.0,8.0,8.0,8.0,11.0,11.0,11.0,11.0,11.0,11.0,11.0,12.0,13.0,12.0,11.0,11.0,10.0,10.0,10.0,10.0,11.0
simeq,8.0,8.0,8.0,8.0,7.0,7.0,6.0,6.0,4.0,4.0,4.0,4.0,3.0,3.0,2.0,2.0,7.0,10.0,10.0,10.0,10.0,10.0,10.0,10.0,10.0,11.0
quarkonium,3.0,3.0,3.0,3.0,4.0,4.0,4.0,4.0,4.0,6.0,6.0,6.0,6.0,6.0,6.0,6.0,6.0,6.0,6.0,6.0,6.0,6.0,10.0,10.0,10.0,11.0
phonons,2.0,2.0,2.0,3.0,4.0,4.0,4.0,4.0,4.0,4.0,4.0,7.0,7.0,7.0,6.0,6.0,6.0,6.0,6.0,6.0,6.0,6.0,8.0,8.0,8.0,11.0
lorentzviolating,16.0,16.0,16.0,15.0,15.0,15.0,14.0,14.0,14.0,14.0,13.0,12.0,11.0,11.0,10.0,10.0,10.0,10.0,9.0,9.0,8.0,10.0,10.0,6.0,8.0,11.0
yb,12.0,12.0,7.0,7.0,10.0,10.0,10.0,10.0,9.0,3.0,3.0,3.0,3.0,3.0,6.0,6.0,6.0,6.0,6.0,6.0,6.0,6.0,6.0,6.0,6.0,11.0
thematrix,20.0,22.0,18.0,18.0,18.0,16.0,16.0,17.0,17.0,19.0,19.0,19.0,19.0,19.0,19.0,19.0,18.0,18.0,18.0,13.0,16.0,16.0,17.0,17.0,16.0,10.0
yangian,14.0,18.0,18.0,16.0,16.0,16.0,16.0,16.0,16.0,14.0,14.0,14.0,14.0,14.0,14.0,16.0,16.0,16.0,18.0,18.0,18.0,18.0,13.0,13.0,13.0,10.0
characterised,15.0,17.0,17.0,17.0,18.0,17.0,16.0,16.0,16.0,16.0,18.0,17.0,15.0,14.0,14.0,14.0,13.0,13.0,13.0,14.0,13.0,13.0,12.0,13.0,13.0,10.0
qfts,11.0,11.0,11.0,11.0,11.0,11.0,12.0,9.0,9.0,7.0,7.0,5.0,5.0,5.0,5.0,5.0,5.0,5.0,5.0,6.0,7.0,8.0,8.0,13.0,13.0,10.0
fourloop,7.0,7.0,7.0,7.0,7.0,7.0,7.0,8.0,8.0,9.0,9.0,9.0,8.0,8.0,8.0,11.0,14.0,14.0,14.0,14.0,14.0,12.0,11.0,12.0,12.0,10.0
gribov,18.0,18.0,18.0,15.0,15.0,14.0,14.0,11.0,11.0,11.0,11.0,13.0,13.0,11.0,11.0,11.0,11.0,11.0,12.0,12.0,9.0,9.0,11.0,12.0,12.0,10.0
generalisation,15.0,14.0,15.0,14.0,12.0,12.0,14.0,14.0,14.0,13.0,13.0,13.0,13.0,13.0,15.0,15.0,15.0,14.0,14.0,14.0,13.0,13.0,11.0,11.0,12.0,10.0
hadron,19.0,19.0,20.0,20.0,20.0,19.0,20.0,21.0,22.0,22.0,23.0,23.0,22.0,21.0,21.0,17.0,17.0,17.0,16.0,14.0,12.0,13.0,13.0,12.0,11.0,10.0
ew,2.0,2.0,2.0,2.0,2.0,2.0,2.0,2.0,2.0,2.0,2.0,2.0,2.0,2.0,2.0,2.0,2.0,7.0,7.0,7.0,7.0,7.0,12.0,11.0,11.0,10.0
abj,5.0,5.0,5.0,5.0,5.0,5.0,5.0,5.0,4.0,4.0,3.0,10.0,9.0,9.0,9.0,9.0,11.0,11.0,11.0,11.0,11.0,11.0,11.0,11.0,11.0,10.0
hyperkahler,11.0,11.0,12.0,11.0,12.0,12.0,13.0,13.0,11.0,11.0,13.0,13.0,13.0,13.0,13.0,13.0,13.0,13.0,13.0,14.0,14.0,15.0,15.0,16.0,10.0,10.0
supercurrent,9.0,10.0,11.0,9.0,12.0,12.0,12.0,13.0,13.0,13.0,15.0,15.0,17.0,17.0,17.0,17.0,17.0,17.0,17.0,17.0,17.0,17.0,13.0,12.0,10.0,10.0
tendimensional,10.0,11.0,13.0,13.0,13.0,13.0,15.0,14.0,13.0,12.0,12.0,13.0,13.0,13.0,12.0,12.0,12.0,12.0,12.0,12.0,12.0,10.0,10.0,11.0,10.0,10.0
superpotentials,7.0,7.0,7.0,7.0,9.0,9.0,9.0,9.0,12.0,12.0,12.0,11.0,10.0,11.0,11.0,11.0,13.0,13.0,13.0,12.0,12.0,12.0,11.0,10.0,10.0,10.0
selfconsistent,14.0,13.0,14.0,13.0,13.0,12.0,13.0,13.0,12.0,10.0,9.0,9.0,10.0,11.0,11.0,10.0,10.0,11.0,13.0,13.0,12.0,11.0,11.0,10.0,10.0,10.0
bjorken,11.0,13.0,13.0,13.0,12.0,10.0,10.0,10.0,10.0,10.0,11.0,11.0,11.0,11.0,12.0,12.0,14.0,13.0,13.0,13.0,11.0,11.0,11.0,10.0,10.0,10.0
nogo,9.0,9.0,8.0,9.0,9.0,7.0,7.0,6.0,6.0,9.0,8.0,8.0,9.0,9.0,12.0,11.0,11.0,11.0,10.0,11.0,11.0,11.0,11.0,10.0,10.0,10.0
bosonization,20.0,20.0,18.0,17.0,15.0,14.0,13.0,13.0,12.0,12.0,12.0,10.0,10.0,10.0,10.0,10.0,10.0,14.0,14.0,14.0,13.0,11.0,10.0,10.0,10.0,10.0
painleve,8.0,11.0,13.0,12.0,13.0,13.0,12.0,12.0,11.0,12.0,11.0,11.0,11.0,11.0,11.0,11.0,11.0,11.0,12.0,12.0,11.0,10.0,10.0,10.0,10.0,10.0
biadjoint,12.0,12.0,12.0,11.0,11.0,11.0,11.0,12.0,12.0,11.0,11.0,11.0,11.0,12.0,8.0,9.0,9.0,9.0,9.0,9.0,11.0,10.0,10.0,10.0,10.0,10.0
firewall,4.0,4.0,7.0,7.0,7.0,7.0,7.0,7.0,7.0,7.0,8.0,9.0,8.0,8.0,7.0,7.0,7.0,8.0,8.0,8.0,10.0,10.0,10.0,10.0,10.0,10.0
halfmaximal,5.0,5.0,5.0,5.0,5.0,3.0,6.0,6.0,4.0,4.0,4.0,4.0,4.0,4.0,3.0,3.0,3.0,4.0,4.0,8.0,10.0,10.0,10.0,10.0,10.0,10.0
dterm,8.0,8.0,8.0,8.0,8.0,8.0,8.0,8.0,7.0,7.0,7.0,7.0,7.0,10.0,10.0,10.0,11.0,8.0,8.0,12.0,12.0,9.0,10.0,10.0,10.0,10.0
sqrt,16.0,16.0,16.0,15.0,18.0,16.0,17.0,17.0,15.0,14.0,15.0,15.0,15.0,15.0,15.0,14.0,13.0,13.0,9.0,9.0,9.0,9.0,9.0,10.0,10.0,10.0
vs,5.0,5.0,5.0,5.0,5.0,5.0,5.0,4.0,4.0,4.0,6.0,6.0,6.0,6.0,5.0,4.0,2.0,7.0,7.0,7.0,9.0,9.0,9.0,10.0,10.0,10.0
spinless,7.0,6.0,7.0,8.0,8.0,9.0,9.0,8.0,7.0,8.0,8.0,9.0,9.0,8.0,7.0,7.0,7.0,6.0,6.0,6.0,8.0,8.0,9.0,9.0,10.0,10.0
multifield,12.0,12.0,12.0,8.0,8.0,8.0,8.0,7.0,7.0,7.0,8.0,8.0,9.0,7.0,6.0,6.0,8.0,8.0,10.0,10.0,9.0,9.0,9.0,8.0,10.0,10.0
cachazoheyuan,3.0,3.0,4.0,3.0,3.0,4.0,4.0,5.0,5.0,5.0,5.0,6.0,6.0,8.0,8.0,8.0,9.0,9.0,9.0,9.0,9.0,9.0,8.0,8.0,10.0,10.0
mp,4.0,4.0,4.0,4.0,4.0,4.0,4.0,4.0,4.0,4.0,4.0,4.0,4.0,4.0,4.0,4.0,4.0,4.0,4.0,4.0,4.0,0.0,1.0,1.0,10.0,10.0
flrw,15.0,14.0,15.0,14.0,15.0,15.0,15.0,15.0,15.0,14.0,14.0,15.0,15.0,16.0,16.0,16.0,15.0,18.0,18.0,17.0,17.0,14.0,14.0,13.0,9.0,10.0
zerotemperature,3.0,4.0,3.0,3.0,3.0,3.0,4.0,4.0,4.0,3.0,3.0,5.0,5.0,6.0,6.0,6.0,7.0,8.0,8.0,8.0,8.0,8.0,8.0,9.0,9.0,10.0
ng,17.0,17.0,14.0,14.0,14.0,14.0,14.0,14.0,11.0,6.0,8.0,8.0,7.0,7.0,8.0,4.0,4.0,4.0,4.0,4.0,7.0,7.0,7.0,9.0,8.0,10.0
selfinteractions,9.0,8.0,7.0,9.0,9.0,11.0,10.0,9.0,8.0,7.0,7.0,7.0,7.0,7.0,7.0,7.0,7.0,7.0,8.0,8.0,8.0,8.0,9.0,8.0,8.0,10.0
tqft,6.0,6.0,6.0,6.0,6.0,10.0,10.0,8.0,8.0,8.0,7.0,7.0,7.0,8.0,8.0,8.0,8.0,5.0,5.0,5.0,7.0,7.0,7.0,8.0,8.0,10.0
schwingerdyson,11.0,11.0,11.0,11.0,12.0,12.0,12.0,13.0,12.0,12.0,12.0,12.0,12.0,11.0,9.0,9.0,8.0,8.0,11.0,13.0,12.0,12.0,12.0,12.0,12.0,9.0
thinwall,9.0,8.0,8.0,8.0,8.0,7.0,7.0,7.0,7.0,9.0,9.0,9.0,9.0,9.0,10.0,10.0,10.0,10.0,11.0,11.0,11.0,11.0,12.0,12.0,12.0,9.0
nonunitary,11.0,11.0,12.0,12.0,12.0,12.0,11.0,12.0,12.0,12.0,12.0,13.0,12.0,12.0,10.0,10.0,10.0,10.0,11.0,11.0,11.0,11.0,10.0,12.0,10.0,9.0
nekrasov,7.0,8.0,8.0,9.0,9.0,11.0,10.0,10.0,11.0,11.0,12.0,12.0,12.0,12.0,12.0,12.0,12.0,12.0,13.0,13.0,13.0,12.0,12.0,11.0,10.0,9.0
ringdown,10.0,10.0,16.0,16.0,16.0,16.0,16.0,15.0,16.0,16.0,15.0,15.0,14.0,14.0,12.0,12.0,12.0,12.0,11.0,11.0,11.0,10.0,10.0,10.0,10.0,9.0
mathematica,5.0,6.0,6.0,6.0,6.0,6.0,6.0,8.0,8.0,8.0,11.0,11.0,10.0,9.0,9.0,9.0,10.0,10.0,11.0,11.0,11.0,10.0,10.0,10.0,10.0,9.0
groundstate,7.0,7.0,7.0,7.0,3.0,3.0,3.0,3.0,3.0,3.0,3.0,3.0,3.0,2.0,4.0,4.0,4.0,4.0,4.0,4.0,4.0,4.0,6.0,8.0,10.0,9.0
tcis,4.0,13.0,13.0,13.0,13.0,13.0,13.0,13.0,13.0,13.0,13.0,13.0,13.0,13.0,13.0,13.0,13.0,13.0,13.0,13.0,13.0,13.0,13.0,13.0,9.0,9.0
wilsonfisher,11.0,12.0,13.0,12.0,11.0,11.0,11.0,10.0,10.0,10.0,10.0,9.0,8.0,9.0,9.0,10.0,10.0,10.0,9.0,11.0,11.0,11.0,12.0,10.0,9.0,9.0
halfbps,13.0,15.0,13.0,14.0,15.0,15.0,14.0,13.0,13.0,14.0,14.0,14.0,13.0,13.0,13.0,14.0,15.0,15.0,15.0,15.0,13.0,10.0,10.0,10.0,9.0,9.0
sigmamodel,14.0,14.0,12.0,13.0,12.0,14.0,14.0,14.0,13.0,13.0,13.0,13.0,9.0,8.0,8.0,7.0,6.0,5.0,5.0,5.0,9.0,9.0,9.0,10.0,9.0,9.0
grassmannian,10.0,10.0,8.0,8.0,8.0,9.0,9.0,9.0,8.0,8.0,7.0,8.0,9.0,9.0,9.0,9.0,9.0,9.0,10.0,10.0,8.0,8.0,7.0,10.0,9.0,9.0
noninteger,5.0,5.0,5.0,5.0,5.0,5.0,5.0,5.0,5.0,5.0,5.0,5.0,5.0,7.0,6.0,6.0,8.0,8.0,8.0,10.0,10.0,10.0,10.0,9.0,9.0,9.0
codimension,15.0,14.0,16.0,15.0,14.0,14.0,13.0,16.0,14.0,11.0,11.0,12.0,12.0,12.0,12.0,12.0,11.0,10.0,10.0,10.0,9.0,8.0,10.0,9.0,9.0,9.0
calogero,4.0,7.0,7.0,6.0,6.0,6.0,8.0,8.0,8.0,8.0,8.0,8.0,6.0,6.0,6.0,6.0,6.0,6.0,6.0,7.0,7.0,7.0,10.0,9.0,9.0,9.0
greenschwarz,11.0,11.0,13.0,13.0,14.0,15.0,17.0,18.0,17.0,16.0,16.0,16.0,16.0,13.0,13.0,13.0,13.0,13.0,12.0,12.0,12.0,13.0,9.0,9.0,9.0,9.0
navierstokes,4.0,4.0,4.0,4.0,6.0,4.0,5.0,5.0,5.0,5.0,5.0,5.0,6.0,6.0,6.0,6.0,8.0,7.0,7.0,7.0,7.0,10.0,9.0,9.0,9.0,9.0
bao,16.0,16.0,17.0,18.0,18.0,15.0,15.0,15.0,15.0,15.0,14.0,14.0,14.0,11.0,11.0,14.0,13.0,14.0,16.0,14.0,13.0,9.0,9.0,9.0,9.0,9.0
threesphere,5.0,5.0,5.0,5.0,4.0,3.0,3.0,4.0,4.0,4.0,4.0,4.0,4.0,4.0,4.0,4.0,6.0,9.0,11.0,11.0,11.0,9.0,9.0,9.0,9.0,9.0
gedanken,2.0,3.0,3.0,3.0,3.0,3.0,3.0,3.0,3.0,3.0,3.0,3.0,5.0,5.0,5.0,5.0,5.0,10.0,10.0,10.0,10.0,9.0,9.0,9.0,9.0,9.0
nambugoto,5.0,5.0,5.0,8.0,11.0,11.0,11.0,12.0,11.0,12.0,12.0,12.0,12.0,10.0,9.0,9.0,9.0,9.0,9.0,9.0,9.0,9.0,9.0,9.0,9.0,9.0
parityviolating,2.0,2.0,2.0,2.0,1.0,1.0,1.0,1.0,1.0,1.0,1.0,2.0,2.0,2.0,2.0,2.0,2.0,3.0,9.0,9.0,9.0,9.0,9.0,9.0,9.0,9.0
veneziano,3.0,3.0,3.0,3.0,3.0,3.0,4.0,4.0,5.0,5.0,6.0,6.0,6.0,7.0,7.0,6.0,4.0,6.0,8.0,9.0,9.0,9.0,9.0,9.0,9.0,9.0
quantummechanical,11.0,11.0,10.0,10.0,10.0,10.0,11.0,11.0,9.0,10.0,10.0,8.0,10.0,9.0,9.0,6.0,7.0,7.0,8.0,8.0,9.0,9.0,9.0,9.0,9.0,9.0
hadamard,6.0,5.0,5.0,5.0,4.0,4.0,3.0,3.0,3.0,3.0,3.0,3.0,4.0,4.0,4.0,6.0,6.0,5.0,5.0,5.0,9.0,9.0,9.0,9.0,9.0,9.0
verlinde,5.0,5.0,5.0,5.0,5.0,4.0,6.0,6.0,6.0,7.0,8.0,8.0,9.0,8.0,9.0,8.0,8.0,8.0,8.0,8.0,8.0,9.0,9.0,9.0,9.0,9.0
mathfrak,12.0,9.0,9.0,9.0,9.0,6.0,8.0,8.0,8.0,8.0,8.0,12.0,12.0,9.0,9.0,11.0,11.0,11.0,11.0,11.0,11.0,8.0,9.0,9.0,9.0,9.0
singlefield,14.0,15.0,14.0,13.0,12.0,12.0,11.0,9.0,11.0,11.0,11.0,10.0,11.0,11.0,11.0,10.0,10.0,10.0,9.0,9.0,9.0,8.0,9.0,9.0,9.0,9.0
twoparticle,12.0,12.0,12.0,12.0,12.0,12.0,12.0,13.0,13.0,13.0,13.0,12.0,12.0,11.0,11.0,12.0,12.0,12.0,11.0,9.0,7.0,8.0,9.0,9.0,9.0,9.0
compton,6.0,8.0,8.0,9.0,8.0,8.0,8.0,7.0,7.0,7.0,7.0,9.0,9.0,9.0,9.0,9.0,8.0,8.0,8.0,7.0,6.0,6.0,9.0,9.0,9.0,9.0
lefthanded,8.0,9.0,11.0,11.0,11.0,10.0,12.0,12.0,12.0,12.0,12.0,12.0,12.0,12.0,13.0,13.0,13.0,13.0,10.0,10.0,10.0,8.0,8.0,9.0,9.0,9.0
onetoone,10.0,10.0,10.0,10.0,10.0,10.0,11.0,11.0,10.0,10.0,10.0,11.0,11.0,9.0,9.0,10.0,10.0,10.0,10.0,10.0,10.0,9.0,7.0,9.0,9.0,9.0
nontrivially,8.0,8.0,8.0,7.0,8.0,8.0,9.0,10.0,8.0,8.0,8.0,8.0,7.0,6.0,6.0,6.0,5.0,6.0,7.0,7.0,7.0,7.0,8.0,8.0,9.0,9.0
worldlines,6.0,6.0,6.0,9.0,9.0,9.0,9.0,9.0,9.0,10.0,13.0,13.0,13.0,12.0,12.0,12.0,12.0,12.0,12.0,12.0,12.0,9.0,7.0,8.0,9.0,9.0
bigravity,10.0,8.0,7.0,7.0,8.0,8.0,8.0,8.0,8.0,8.0,8.0,8.0,8.0,8.0,8.0,8.0,4.0,5.0,5.0,6.0,6.0,6.0,6.0,8.0,9.0,9.0
quarkantiquark,7.0,7.0,7.0,6.0,6.0,6.0,6.0,6.0,6.0,6.0,6.0,6.0,7.0,6.0,4.0,4.0,5.0,6.0,6.0,6.0,6.0,6.0,5.0,5.0,9.0,9.0
leadingorder,11.0,9.0,9.0,11.0,11.0,11.0,12.0,12.0,11.0,11.0,11.0,10.0,10.0,10.0,8.0,8.0,9.0,9.0,9.0,9.0,9.0,10.0,10.0,10.0,8.0,9.0
spt,17.0,17.0,12.0,10.0,10.0,13.0,14.0,13.0,13.0,9.0,9.0,9.0,9.0,9.0,9.0,9.0,8.0,8.0,8.0,8.0,10.0,8.0,10.0,10.0,8.0,9.0
vectorlike,5.0,5.0,5.0,5.0,5.0,5.0,7.0,7.0,8.0,10.0,10.0,10.0,10.0,10.0,10.0,10.0,10.0,10.0,10.0,10.0,11.0,11.0,8.0,8.0,8.0,9.0
arxiv,8.0,8.0,8.0,9.0,9.0,9.0,6.0,7.0,7.0,6.0,7.0,8.0,6.0,6.0,6.0,5.0,5.0,5.0,9.0,9.0,9.0,9.0,8.0,8.0,8.0,9.0
otocs,9.0,9.0,9.0,13.0,13.0,14.0,14.0,12.0,12.0,12.0,12.0,12.0,12.0,12.0,12.0,10.0,10.0,10.0,10.0,10.0,8.0,8.0,8.0,8.0,8.0,9.0
onepoint,18.0,17.0,18.0,16.0,16.0,16.0,16.0,17.0,15.0,14.0,14.0,9.0,9.0,8.0,8.0,7.0,7.0,7.0,7.0,7.0,7.0,7.0,8.0,8.0,8.0,9.0
iv,7.0,7.0,7.0,7.0,6.0,7.0,7.0,7.0,6.0,6.0,7.0,7.0,7.0,8.0,8.0,5.0,4.0,6.0,6.0,7.0,7.0,7.0,8.0,8.0,8.0,9.0
weaker,7.0,7.0,7.0,7.0,7.0,8.0,9.0,8.0,7.0,7.0,7.0,6.0,7.0,7.0,7.0,8.0,8.0,8.0,7.0,7.0,7.0,7.0,7.0,8.0,8.0,9.0
longwavelength,8.0,8.0,9.0,9.0,8.0,8.0,8.0,9.0,7.0,6.0,7.0,7.0,7.0,7.0,7.0,7.0,7.0,7.0,7.0,9.0,9.0,8.0,8.0,7.0,8.0,9.0
dbi,27.0,17.0,17.0,17.0,17.0,17.0,21.0,21.0,20.0,18.0,18.0,14.0,14.0,10.0,10.0,10.0,11.0,12.0,12.0,12.0,10.0,9.0,9.0,6.0,8.0,9.0
npoint,3.0,3.0,3.0,3.0,4.0,4.0,4.0,3.0,3.0,3.0,3.0,3.0,3.0,3.0,2.0,4.0,4.0,4.0,4.0,5.0,6.0,6.0,6.0,6.0,8.0,9.0
selfenergy,13.0,13.0,13.0,11.0,11.0,12.0,13.0,13.0,12.0,12.0,12.0,6.0,6.0,7.0,6.0,7.0,6.0,6.0,7.0,7.0,7.0,8.0,8.0,8.0,7.0,9.0
thirdorder,9.0,9.0,9.0,9.0,8.0,8.0,9.0,9.0,9.0,9.0,10.0,10.0,10.0,10.0,10.0,10.0,12.0,12.0,12.0,13.0,12.0,11.0,12.0,12.0,12.0,8.0
pulsar,7.0,10.0,10.0,10.0,10.0,10.0,11.0,11.0,11.0,13.0,13.0,13.0,13.0,13.0,13.0,13.0,12.0,12.0,10.0,10.0,10.0,11.0,11.0,11.0,10.0,8.0
sinhgordon,10.0,10.0,10.0,10.0,10.0,10.0,11.0,11.0,11.0,12.0,11.0,11.0,11.0,8.0,8.0,8.0,8.0,9.0,9.0,9.0,9.0,8.0,7.0,10.0,10.0,8.0
waveform,7.0,7.0,11.0,11.0,11.0,11.0,11.0,11.0,13.0,13.0,13.0,13.0,12.0,10.0,9.0,9.0,9.0,9.0,10.0,10.0,10.0,9.0,9.0,9.0,10.0,8.0
decouple,6.0,6.0,7.0,7.0,7.0,7.0,9.0,10.0,10.0,10.0,10.0,12.0,12.0,12.0,12.0,12.0,12.0,12.0,12.0,11.0,11.0,11.0,10.0,10.0,9.0,8.0
wald,14.0,15.0,15.0,16.0,16.0,16.0,17.0,16.0,15.0,17.0,14.0,14.0,14.0,15.0,14.0,14.0,12.0,12.0,12.0,12.0,11.0,9.0,9.0,9.0,9.0,8.0
schr,8.0,9.0,10.0,14.0,14.0,14.0,12.0,11.0,11.0,11.0,10.0,11.0,11.0,10.0,10.0,10.0,10.0,10.0,10.0,10.0,10.0,9.0,9.0,9.0,9.0,8.0
dinger,6.0,7.0,8.0,12.0,12.0,12.0,10.0,10.0,10.0,10.0,9.0,10.0,10.0,10.0,10.0,10.0,10.0,10.0,10.0,10.0,10.0,9.0,9.0,9.0,9.0,8.0
smallest,7.0,8.0,8.0,8.0,8.0,8.0,7.0,7.0,8.0,8.0,9.0,10.0,10.0,9.0,8.0,8.0,8.0,7.0,7.0,8.0,8.0,9.0,9.0,9.0,9.0,8.0
isocurvature,17.0,17.0,17.0,17.0,10.0,10.0,10.0,8.0,8.0,8.0,8.0,7.0,7.0,5.0,5.0,4.0,7.0,5.0,5.0,5.0,5.0,8.0,9.0,9.0,9.0,8.0
parameterized,7.0,8.0,8.0,9.0,9.0,10.0,10.0,11.0,11.0,12.0,12.0,10.0,10.0,9.0,9.0,9.0,9.0,10.0,9.0,9.0,9.0,9.0,8.0,8.0,9.0,8.0
thecdm,14.0,14.0,17.0,17.0,17.0,17.0,16.0,17.0,17.0,17.0,16.0,16.0,16.0,15.0,15.0,13.0,13.0,13.0,13.0,13.0,12.0,13.0,12.0,12.0,8.0,8.0
oscillons,9.0,12.0,12.0,12.0,12.0,13.0,13.0,13.0,11.0,11.0,11.0,13.0,13.0,13.0,13.0,13.0,13.0,12.0,12.0,12.0,14.0,14.0,14.0,11.0,8.0,8.0
continuousspin,4.0,4.0,4.0,4.0,7.0,7.0,7.0,12.0,10.0,10.0,10.0,10.0,10.0,10.0,10.0,10.0,10.0,10.0,10.0,10.0,10.0,10.0,10.0,10.0,8.0,8.0
cartan,17.0,16.0,19.0,19.0,19.0,19.0,18.0,18.0,17.0,18.0,19.0,18.0,18.0,16.0,13.0,13.0,12.0,13.0,13.0,11.0,11.0,10.0,10.0,9.0,8.0,8.0
poincar,5.0,6.0,6.0,6.0,6.0,6.0,6.0,6.0,6.0,5.0,5.0,6.0,7.0,7.0,8.0,8.0,8.0,10.0,10.0,10.0,10.0,10.0,10.0,9.0,8.0,8.0
heavier,7.0,7.0,8.0,8.0,8.0,8.0,8.0,8.0,9.0,9.0,9.0,7.0,7.0,7.0,8.0,8.0,9.0,8.0,8.0,8.0,9.0,10.0,10.0,9.0,8.0,8.0
quantisation,13.0,13.0,14.0,11.0,10.0,10.0,9.0,10.0,12.0,12.0,11.0,11.0,11.0,9.0,10.0,10.0,13.0,13.0,13.0,13.0,11.0,11.0,9.0,9.0,8.0,8.0
confinementdeconfinement,8.0,9.0,9.0,9.0,9.0,8.0,9.0,9.0,9.0,9.0,9.0,10.0,11.0,10.0,10.0,10.0,10.0,10.0,10.0,10.0,10.0,7.0,8.0,9.0,8.0,8.0
hodge,11.0,12.0,13.0,13.0,13.0,13.0,12.0,12.0,12.0,12.0,12.0,13.0,14.0,13.0,14.0,14.0,14.0,15.0,15.0,15.0,14.0,14.0,11.0,8.0,8.0,8.0
quantised,6.0,8.0,8.0,8.0,9.0,10.0,11.0,12.0,12.0,12.0,12.0,12.0,12.0,12.0,12.0,12.0,13.0,13.0,13.0,13.0,12.0,11.0,11.0,8.0,8.0,8.0
stresstensor,4.0,5.0,5.0,5.0,5.0,5.0,5.0,5.0,5.0,5.0,5.0,5.0,9.0,9.0,9.0,9.0,9.0,8.0,8.0,10.0,10.0,9.0,9.0,8.0,8.0,8.0
friedmannrobertsonwalker,6.0,6.0,6.0,6.0,6.0,6.0,5.0,6.0,6.0,6.0,6.0,6.0,7.0,7.0,7.0,7.0,8.0,7.0,7.0,7.0,10.0,9.0,9.0,8.0,8.0,8.0
weierstrass,6.0,5.0,6.0,6.0,6.0,7.0,7.0,8.0,8.0,9.0,9.0,9.0,9.0,8.0,8.0,8.0,8.0,8.0,7.0,7.0,8.0,8.0,9.0,8.0,8.0,8.0
maldacena,9.0,13.0,13.0,12.0,12.0,12.0,12.0,11.0,11.0,11.0,9.0,9.0,9.0,9.0,7.0,7.0,7.0,7.0,8.0,8.0,9.0,9.0,8.0,8.0,8.0,8.0
glauber,4.0,4.0,4.0,4.0,5.0,5.0,5.0,11.0,11.0,11.0,9.0,9.0,9.0,9.0,9.0,9.0,10.0,9.0,9.0,9.0,9.0,8.0,8.0,8.0,8.0,8.0
rewritten,9.0,11.0,11.0,13.0,13.0,13.0,12.0,11.0,11.0,10.0,11.0,11.0,11.0,11.0,11.0,11.0,10.0,10.0,10.0,9.0,8.0,8.0,8.0,8.0,8.0,8.0
drgt,10.0,10.0,10.0,9.0,10.0,10.0,10.0,10.0,9.0,9.0,13.0,13.0,13.0,13.0,14.0,14.0,7.0,8.0,9.0,9.0,8.0,8.0,8.0,8.0,8.0,8.0
disformal,14.0,14.0,14.0,14.0,15.0,15.0,15.0,16.0,16.0,15.0,17.0,17.0,20.0,20.0,20.0,20.0,16.0,16.0,16.0,8.0,8.0,8.0,8.0,8.0,8.0,8.0
selfcontained,6.0,7.0,7.0,6.0,6.0,9.0,9.0,9.0,9.0,9.0,9.0,9.0,8.0,8.0,8.0,9.0,8.0,8.0,8.0,8.0,8.0,8.0,8.0,8.0,8.0,8.0
glsms,4.0,6.0,11.0,11.0,11.0,11.0,11.0,11.0,11.0,11.0,11.0,8.0,8.0,8.0,8.0,8.0,8.0,8.0,8.0,8.0,8.0,8.0,8.0,8.0,8.0,8.0
seiberg,6.0,7.0,6.0,8.0,10.0,10.0,8.0,8.0,8.0,8.0,7.0,7.0,7.0,7.0,7.0,6.0,6.0,7.0,8.0,8.0,8.0,8.0,8.0,8.0,8.0,8.0
qballs,6.0,2.0,2.0,2.0,2.0,2.0,2.0,2.0,2.0,2.0,2.0,2.0,2.0,4.0,4.0,4.0,4.0,4.0,4.0,8.0,8.0,8.0,8.0,8.0,8.0,8.0
characterise,4.0,4.0,4.0,4.0,3.0,3.0,4.0,4.0,4.0,4.0,5.0,5.0,5.0,5.0,5.0,4.0,6.0,6.0,7.0,7.0,7.0,8.0,8.0,8.0,8.0,8.0
schemeindependent,4.0,2.0,4.0,3.0,5.0,5.0,4.0,5.0,5.0,6.0,6.0,6.0,6.0,6.0,6.0,6.0,6.0,6.0,6.0,6.0,6.0,8.0,8.0,8.0,8.0,8.0
hov,10.0,10.0,10.0,9.0,10.0,10.0,10.0,10.0,11.0,11.0,7.0,7.0,8.0,8.0,8.0,9.0,6.0,7.0,5.0,5.0,5.0,8.0,8.0,8.0,8.0,8.0
tolman,2.0,2.0,0.0,0.0,0.0,0.0,0.0,1.0,1.0,1.0,7.0,7.0,7.0,7.0,7.0,7.0,7.0,7.0,7.0,7.0,7.0,7.0,8.0,8.0,8.0,8.0
adhm,4.0,4.0,3.0,3.0,3.0,3.0,3.0,3.0,3.0,3.0,3.0,4.0,4.0,4.0,5.0,5.0,5.0,4.0,4.0,4.0,4.0,4.0,8.0,8.0,8.0,8.0
gibbonshawking,9.0,9.0,9.0,7.0,8.0,8.0,10.0,9.0,8.0,9.0,11.0,10.0,9.0,9.0,9.0,8.0,8.0,8.0,8.0,8.0,8.0,7.0,7.0,8.0,8.0,8.0
kalbramond,5.0,5.0,5.0,5.0,5.0,4.0,3.0,3.0,3.0,3.0,3.0,8.0,9.0,9.0,9.0,9.0,9.0,8.0,8.0,8.0,7.0,7.0,7.0,8.0,8.0,8.0
nearextremal,10.0,10.0,10.0,9.0,9.0,8.0,8.0,10.0,9.0,8.0,8.0,6.0,6.0,6.0,6.0,7.0,7.0,7.0,8.0,8.0,7.0,7.0,7.0,8.0,8.0,8.0
freezeout,10.0,10.0,10.0,10.0,10.0,10.0,10.0,10.0,10.0,10.0,10.0,10.0,10.0,8.0,8.0,3.0,5.0,5.0,5.0,5.0,3.0,3.0,3.0,8.0,8.0,8.0
supermanifolds,3.0,3.0,4.0,4.0,4.0,4.0,4.0,4.0,4.0,4.0,4.0,4.0,4.0,4.0,3.0,3.0,3.0,1.0,1.0,1.0,1.0,1.0,1.0,8.0,8.0,8.0
antiquark,3.0,3.0,3.0,3.0,4.0,4.0,5.0,5.0,4.0,5.0,5.0,9.0,9.0,9.0,9.0,9.0,9.0,9.0,9.0,9.0,9.0,9.0,8.0,7.0,8.0,8.0
heavylight,10.0,10.0,10.0,10.0,9.0,9.0,9.0,9.0,9.0,9.0,10.0,10.0,10.0,10.0,10.0,10.0,9.0,13.0,13.0,13.0,13.0,13.0,7.0,7.0,8.0,8.0
gws,10.0,10.0,10.0,7.0,13.0,13.0,13.0,13.0,13.0,13.0,13.0,13.0,13.0,13.0,13.0,13.0,14.0,14.0,10.0,10.0,9.0,7.0,7.0,7.0,8.0,8.0
longstanding,3.0,4.0,5.0,6.0,6.0,6.0,7.0,6.0,6.0,6.0,6.0,6.0,6.0,6.0,6.0,6.0,6.0,7.0,6.0,7.0,8.0,7.0,7.0,7.0,8.0,8.0
hadronic,7.0,7.0,7.0,8.0,8.0,8.0,8.0,8.0,7.0,7.0,8.0,8.0,6.0,6.0,6.0,6.0,8.0,8.0,8.0,8.0,8.0,7.0,6.0,7.0,8.0,8.0
kitaev,5.0,5.0,4.0,4.0,4.0,4.0,4.0,4.0,3.0,4.0,4.0,5.0,7.0,7.0,6.0,6.0,6.0,6.0,7.0,7.0,7.0,6.0,6.0,7.0,8.0,8.0
deeper,4.0,4.0,4.0,4.0,4.0,3.0,3.0,2.0,2.0,2.0,3.0,4.0,5.0,4.0,5.0,5.0,6.0,6.0,6.0,6.0,6.0,5.0,5.0,6.0,8.0,8.0
pade,6.0,6.0,6.0,6.0,7.0,7.0,7.0,8.0,8.0,9.0,8.0,8.0,8.0,8.0,8.0,8.0,6.0,7.0,6.0,6.0,7.0,7.0,7.0,5.0,8.0,8.0
eff,7.0,7.0,7.0,7.0,7.0,7.0,7.0,7.0,7.0,7.0,7.0,7.0,7.0,7.0,9.0,9.0,9.0,11.0,10.0,10.0,10.0,10.0,9.0,7.0,7.0,8.0
bcj,3.0,3.0,3.0,3.0,3.0,3.0,3.0,7.0,7.0,7.0,5.0,5.0,5.0,7.0,7.0,7.0,7.0,7.0,8.0,8.0,7.0,7.0,7.0,7.0,7.0,8.0
closedform,6.0,7.0,7.0,6.0,6.0,6.0,6.0,6.0,6.0,6.0,6.0,6.0,6.0,6.0,6.0,5.0,6.0,7.0,7.0,6.0,6.0,6.0,7.0,7.0,7.0,8.0
quarkonia,11.0,8.0,8.0,8.0,12.0,11.0,11.0,11.0,11.0,11.0,11.0,10.0,10.0,8.0,6.0,6.0,6.0,6.0,6.0,6.0,6.0,6.0,8.0,6.0,7.0,8.0
eikonal,8.0,9.0,9.0,9.0,9.0,9.0,9.0,10.0,10.0,9.0,10.0,10.0,11.0,11.0,10.0,10.0,10.0,11.0,11.0,11.0,5.0,5.0,5.0,5.0,7.0,8.0
wheelerdewitt,18.0,16.0,16.0,16.0,15.0,15.0,14.0,14.0,14.0,14.0,12.0,12.0,11.0,11.0,11.0,9.0,9.0,9.0,9.0,9.0,8.0,8.0,8.0,7.0,6.0,8.0
selfcoupling,6.0,6.0,8.0,8.0,8.0,8.0,7.0,6.0,6.0,6.0,6.0,7.0,7.0,7.0,8.0,8.0,8.0,8.0,8.0,9.0,7.0,7.0,7.0,6.0,6.0,8.0
boundstate,7.0,8.0,8.0,8.0,7.0,6.0,6.0,7.0,5.0,5.0,5.0,5.0,5.0,5.0,5.0,5.0,5.0,5.0,5.0,5.0,5.0,5.0,5.0,6.0,6.0,8.0
quasilocal,12.0,12.0,10.0,8.0,10.0,11.0,11.0,11.0,10.0,10.0,8.0,9.0,9.0,8.0,9.0,7.0,7.0,7.0,7.0,7.0,7.0,5.0,5.0,5.0,6.0,8.0
algebroid,14.0,15.0,15.0,16.0,15.0,15.0,15.0,16.0,16.0,17.0,16.0,11.0,6.0,6.0,6.0,6.0,6.0,6.0,6.0,6.0,6.0,5.0,5.0,5.0,5.0,8.0
pn,0.0,0.0,0.0,0.0,0.0,0.0,0.0,0.0,0.0,0.0,1.0,1.0,1.0,1.0,2.0,2.0,2.0,2.0,2.0,2.0,2.0,2.0,2.0,2.0,2.0,8.0
randallsundrum,8.0,7.0,7.0,7.0,7.0,8.0,8.0,9.0,9.0,9.0,9.0,9.0,9.0,9.0,9.0,10.0,10.0,8.0,8.0,8.0,8.0,8.0,9.0,8.0,8.0,7.0
pions,6.0,6.0,6.0,6.0,6.0,6.0,6.0,6.0,6.0,7.0,7.0,7.0,7.0,7.0,7.0,7.0,6.0,6.0,6.0,5.0,6.0,6.0,9.0,8.0,8.0,7.0
vainshtein,10.0,10.0,10.0,11.0,11.0,11.0,12.0,12.0,12.0,12.0,13.0,13.0,13.0,13.0,13.0,14.0,14.0,14.0,13.0,13.0,13.0,13.0,8.0,8.0,8.0,7.0
finitetemperature,7.0,7.0,5.0,5.0,5.0,5.0,5.0,5.0,5.0,5.0,5.0,7.0,7.0,7.0,8.0,8.0,8.0,8.0,8.0,7.0,7.0,8.0,8.0,8.0,8.0,7.0
bottomup,11.0,11.0,10.0,10.0,10.0,9.0,10.0,10.0,9.0,10.0,10.0,10.0,9.0,8.0,8.0,7.0,8.0,8.0,8.0,7.0,7.0,8.0,8.0,8.0,8.0,7.0
supermanifold,11.0,11.0,11.0,11.0,11.0,11.0,11.0,11.0,11.0,11.0,11.0,11.0,11.0,11.0,11.0,11.0,11.0,6.0,6.0,6.0,4.0,5.0,6.0,8.0,8.0,7.0
conifold,8.0,7.0,7.0,7.0,7.0,7.0,8.0,8.0,8.0,7.0,9.0,10.0,10.0,10.0,8.0,7.0,7.0,7.0,7.0,7.0,7.0,6.0,7.0,7.0,8.0,7.0
sqcd,23.0,23.0,24.0,24.0,24.0,26.0,24.0,22.0,22.0,22.0,22.0,19.0,19.0,18.0,18.0,18.0,18.0,16.0,18.0,17.0,15.0,9.0,10.0,10.0,7.0,7.0
multiscale,10.0,11.0,9.0,9.0,9.0,10.0,9.0,9.0,9.0,11.0,10.0,10.0,10.0,9.0,9.0,9.0,10.0,10.0,10.0,9.0,9.0,9.0,9.0,9.0,7.0,7.0
ddimensional,15.0,15.0,15.0,15.0,17.0,17.0,17.0,17.0,16.0,15.0,15.0,15.0,15.0,14.0,14.0,14.0,14.0,14.0,12.0,12.0,12.0,13.0,10.0,8.0,7.0,7.0
selfgravitating,9.0,9.0,9.0,9.0,11.0,12.0,13.0,13.0,13.0,12.0,12.0,12.0,11.0,11.0,11.0,11.0,11.0,11.0,11.0,11.0,11.0,10.0,10.0,8.0,7.0,7.0
cardy,8.0,8.0,9.0,8.0,8.0,8.0,8.0,8.0,7.0,9.0,9.0,9.0,9.0,9.0,8.0,8.0,10.0,10.0,10.0,10.0,10.0,10.0,10.0,8.0,7.0,7.0
wallcrossing,5.0,8.0,8.0,9.0,8.0,8.0,7.0,7.0,7.0,7.0,7.0,8.0,8.0,8.0,8.0,8.0,8.0,9.0,9.0,9.0,9.0,9.0,10.0,8.0,7.0,7.0
solitonic,10.0,10.0,10.0,11.0,12.0,14.0,14.0,14.0,14.0,12.0,11.0,12.0,12.0,13.0,12.0,12.0,11.0,11.0,11.0,11.0,10.0,10.0,9.0,8.0,7.0,7.0
largest,15.0,15.0,14.0,12.0,12.0,12.0,13.0,11.0,8.0,7.0,7.0,8.0,8.0,7.0,7.0,8.0,8.0,8.0,8.0,8.0,8.0,8.0,8.0,8.0,7.0,7.0
einsteingaussbonnet,7.0,6.0,5.0,5.0,5.0,4.0,4.0,4.0,5.0,6.0,5.0,5.0,7.0,7.0,7.0,8.0,8.0,8.0,8.0,7.0,8.0,8.0,8.0,8.0,7.0,7.0
gaiotto,4.0,4.0,5.0,6.0,6.0,5.0,5.0,5.0,5.0,6.0,6.0,6.0,6.0,6.0,7.0,6.0,7.0,7.0,8.0,8.0,8.0,7.0,8.0,8.0,7.0,7.0
wavelengths,10.0,11.0,12.0,11.0,12.0,12.0,13.0,13.0,13.0,13.0,13.0,13.0,13.0,11.0,11.0,11.0,11.0,7.0,7.0,7.0,7.0,7.0,8.0,8.0,7.0,7.0
shortrange,8.0,9.0,8.0,8.0,8.0,8.0,7.0,7.0,7.0,6.0,5.0,7.0,7.0,7.0,7.0,7.0,7.0,8.0,9.0,8.0,8.0,7.0,7.0,8.0,7.0,7.0
dysonschwinger,5.0,5.0,5.0,5.0,6.0,5.0,5.0,4.0,4.0,5.0,3.0,4.0,5.0,5.0,5.0,6.0,6.0,6.0,6.0,6.0,6.0,6.0,7.0,8.0,7.0,7.0
syklike,4.0,4.0,4.0,4.0,4.0,4.0,4.0,4.0,6.0,6.0,6.0,6.0,6.0,6.0,6.0,6.0,5.0,5.0,4.0,6.0,6.0,6.0,7.0,8.0,7.0,7.0
wgc,17.0,14.0,12.0,12.0,11.0,11.0,11.0,11.0,9.0,9.0,16.0,16.0,16.0,16.0,16.0,16.0,16.0,16.0,16.0,16.0,16.0,16.0,16.0,7.0,7.0,7.0
raritaschwinger,13.0,13.0,14.0,10.0,10.0,10.0,10.0,10.0,11.0,11.0,11.0,11.0,11.0,15.0,13.0,13.0,12.0,12.0,12.0,12.0,12.0,10.0,10.0,7.0,7.0,7.0
bulkboundary,5.0,7.0,7.0,7.0,8.0,8.0,8.0,8.0,9.0,10.0,10.0,10.0,10.0,10.0,10.0,9.0,8.0,10.0,8.0,8.0,8.0,8.0,8.0,7.0,7.0,7.0
benchmark,5.0,5.0,5.0,5.0,5.0,5.0,5.0,5.0,7.0,7.0,8.0,10.0,10.0,9.0,9.0,8.0,7.0,6.0,7.0,7.0,8.0,8.0,8.0,7.0,7.0,7.0
particlehole,5.0,6.0,6.0,6.0,5.0,5.0,5.0,5.0,8.0,8.0,8.0,7.0,6.0,6.0,6.0,6.0,6.0,6.0,6.0,6.0,6.0,6.0,8.0,7.0,7.0,7.0
noninteracting,16.0,16.0,16.0,17.0,17.0,17.0,17.0,16.0,16.0,16.0,14.0,11.0,12.0,11.0,10.0,9.0,10.0,11.0,11.0,11.0,10.0,8.0,7.0,7.0,7.0,7.0
supertranslation,6.0,6.0,6.0,6.0,6.0,6.0,6.0,6.0,9.0,9.0,9.0,12.0,12.0,11.0,11.0,11.0,12.0,12.0,8.0,8.0,8.0,8.0,7.0,7.0,7.0,7.0
propto,4.0,4.0,5.0,5.0,5.0,5.0,5.0,6.0,6.0,6.0,6.0,6.0,4.0,4.0,3.0,6.0,6.0,6.0,7.0,7.0,8.0,8.0,7.0,7.0,7.0,7.0
focussing,6.0,6.0,7.0,7.0,7.0,7.0,7.0,9.0,8.0,9.0,10.0,9.0,9.0,8.0,8.0,7.0,7.0,7.0,7.0,7.0,7.0,8.0,7.0,7.0,7.0,7.0
myersperry,5.0,7.0,7.0,7.0,7.0,7.0,7.0,7.0,7.0,7.0,7.0,8.0,9.0,9.0,7.0,7.0,7.0,7.0,7.0,7.0,6.0,8.0,7.0,7.0,7.0,7.0
nonhermitian,19.0,17.0,16.0,16.0,15.0,16.0,17.0,17.0,17.0,16.0,16.0,16.0,16.0,16.0,16.0,17.0,17.0,17.0,17.0,16.0,16.0,7.0,7.0,7.0,7.0,7.0
selfaccelerating,8.0,10.0,10.0,6.0,6.0,6.0,4.0,4.0,4.0,4.0,7.0,7.0,7.0,7.0,7.0,7.0,7.0,7.0,8.0,8.0,8.0,7.0,7.0,7.0,7.0,7.0
mathbf,13.0,13.0,13.0,13.0,15.0,7.0,5.0,5.0,5.0,5.0,5.0,5.0,5.0,5.0,5.0,7.0,7.0,7.0,7.0,7.0,7.0,7.0,7.0,7.0,7.0,7.0
int,6.0,6.0,6.0,6.0,6.0,5.0,5.0,6.0,6.0,6.0,5.0,5.0,5.0,5.0,5.0,6.0,8.0,8.0,6.0,7.0,7.0,7.0,7.0,7.0,7.0,7.0
noboundary,4.0,4.0,4.0,4.0,4.0,5.0,1.0,2.0,2.0,2.0,2.0,2.0,2.0,2.0,2.0,5.0,6.0,6.0,6.0,7.0,7.0,7.0,7.0,7.0,7.0,7.0
osp,3.0,4.0,4.0,4.0,4.0,4.0,5.0,8.0,8.0,8.0,8.0,8.0,8.0,8.0,8.0,8.0,6.0,6.0,6.0,6.0,7.0,7.0,7.0,7.0,7.0,7.0
ultrarelativistic,5.0,5.0,5.0,5.0,5.0,5.0,6.0,5.0,7.0,7.0,7.0,6.0,5.0,5.0,5.0,4.0,4.0,4.0,6.0,6.0,6.0,6.0,7.0,7.0,7.0,7.0
adm,4.0,4.0,4.0,5.0,8.0,8.0,8.0,7.0,7.0,7.0,7.0,7.0,6.0,7.0,6.0,6.0,6.0,7.0,7.0,7.0,7.0,7.0,6.0,7.0,7.0,7.0
laplace,7.0,7.0,8.0,8.0,8.0,8.0,8.0,7.0,7.0,5.0,5.0,7.0,6.0,6.0,6.0,8.0,8.0,9.0,9.0,8.0,7.0,6.0,6.0,7.0,7.0,7.0
rmt,13.0,13.0,9.0,6.0,6.0,6.0,6.0,6.0,6.0,6.0,6.0,6.0,6.0,6.0,6.0,6.0,6.0,6.0,6.0,6.0,6.0,6.0,6.0,7.0,7.0,7.0
carroll,4.0,4.0,8.0,6.0,6.0,6.0,6.0,6.0,6.0,6.0,6.0,4.0,4.0,4.0,4.0,5.0,5.0,5.0,6.0,6.0,6.0,6.0,6.0,7.0,7.0,7.0
mssm,12.0,12.0,11.0,9.0,7.0,8.0,9.0,9.0,7.0,7.0,7.0,8.0,8.0,8.0,8.0,8.0,8.0,8.0,10.0,10.0,10.0,10.0,9.0,6.0,7.0,7.0
decoupled,15.0,12.0,12.0,12.0,12.0,12.0,12.0,12.0,11.0,12.0,11.0,10.0,10.0,10.0,10.0,10.0,12.0,12.0,12.0,12.0,12.0,10.0,7.0,6.0,7.0,7.0
threeloop,16.0,16.0,16.0,11.0,11.0,13.0,12.0,12.0,11.0,10.0,10.0,10.0,9.0,9.0,8.0,8.0,10.0,10.0,9.0,10.0,10.0,9.0,7.0,6.0,7.0,7.0
postinflationary,4.0,4.0,4.0,4.0,3.0,3.0,3.0,3.0,3.0,3.0,2.0,4.0,5.0,5.0,5.0,5.0,6.0,6.0,6.0,6.0,6.0,6.0,6.0,6.0,7.0,7.0
combinatorics,6.0,6.0,4.0,4.0,4.0,5.0,5.0,5.0,5.0,4.0,5.0,6.0,6.0,4.0,3.0,3.0,3.0,3.0,4.0,4.0,5.0,6.0,6.0,6.0,7.0,7.0
vevs,4.0,4.0,4.0,4.0,5.0,5.0,5.0,5.0,5.0,5.0,5.0,5.0,5.0,2.0,2.0,2.0,2.0,2.0,2.0,2.0,2.0,2.0,2.0,2.0,7.0,7.0
reissnernordstr,6.0,6.0,6.0,4.0,4.0,4.0,4.0,5.0,5.0,6.0,6.0,6.0,7.0,7.0,7.0,7.0,7.0,7.0,8.0,8.0,8.0,8.0,9.0,8.0,6.0,7.0
singletrace,7.0,7.0,7.0,5.0,7.0,5.0,5.0,6.0,8.0,8.0,8.0,8.0,8.0,8.0,8.0,8.0,8.0,8.0,8.0,8.0,8.0,8.0,6.0,6.0,6.0,7.0
approx,11.0,11.0,11.0,10.0,9.0,9.0,10.0,10.0,10.0,11.0,11.0,10.0,9.0,9.0,9.0,9.0,9.0,9.0,9.0,7.0,7.0,7.0,6.0,6.0,6.0,7.0
rescaled,8.0,8.0,8.0,6.0,7.0,7.0,6.0,6.0,5.0,5.0,5.0,5.0,5.0,5.0,5.0,5.0,5.0,6.0,6.0,6.0,10.0,6.0,6.0,6.0,6.0,7.0
teleportation,7.0,7.0,5.0,5.0,5.0,5.0,3.0,2.0,2.0,2.0,2.0,5.0,5.0,5.0,5.0,5.0,5.0,5.0,6.0,6.0,6.0,6.0,6.0,6.0,6.0,7.0
equaltime,4.0,5.0,5.0,5.0,5.0,4.0,4.0,3.0,4.0,4.0,4.0,5.0,5.0,5.0,5.0,5.0,5.0,5.0,4.0,6.0,6.0,6.0,6.0,6.0,6.0,7.0
strongfield,5.0,5.0,7.0,8.0,8.0,8.0,7.0,7.0,7.0,7.0,7.0,7.0,8.0,7.0,7.0,6.0,6.0,6.0,5.0,5.0,5.0,5.0,6.0,6.0,6.0,7.0
equiv,4.0,4.0,4.0,4.0,5.0,4.0,3.0,3.0,2.0,2.0,2.0,3.0,3.0,2.0,3.0,3.0,3.0,4.0,4.0,5.0,5.0,5.0,5.0,6.0,6.0,7.0
rightarrow,5.0,5.0,4.0,4.0,4.0,4.0,4.0,4.0,3.0,2.0,2.0,2.0,2.0,2.0,2.0,5.0,5.0,7.0,7.0,7.0,7.0,6.0,6.0,6.0,5.0,7.0
schwarzschildde,7.0,9.0,9.0,8.0,8.0,6.0,6.0,5.0,5.0,5.0,5.0,5.0,5.0,5.0,5.0,5.0,5.0,6.0,6.0,6.0,5.0,5.0,4.0,5.0,5.0,7.0
fracton,16.0,16.0,16.0,16.0,16.0,16.0,16.0,7.0,7.0,7.0,7.0,4.0,4.0,6.0,6.0,6.0,6.0,6.0,8.0,8.0,8.0,4.0,4.0,4.0,4.0,7.0
zeromode,9.0,8.0,8.0,8.0,8.0,7.0,7.0,9.0,9.0,9.0,9.0,9.0,9.0,9.0,9.0,10.0,7.0,7.0,7.0,8.0,7.0,7.0,9.0,9.0,9.0,6.0
tensorial,14.0,14.0,12.0,14.0,14.0,14.0,13.0,12.0,13.0,12.0,10.0,10.0,10.0,12.0,12.0,12.0,12.0,10.0,10.0,10.0,10.0,10.0,9.0,9.0,8.0,6.0
glsm,5.0,5.0,10.0,10.0,10.0,10.0,10.0,10.0,10.0,10.0,10.0,9.0,9.0,9.0,9.0,9.0,9.0,10.0,10.0,10.0,10.0,9.0,9.0,8.0,8.0,6.0
nohair,14.0,15.0,16.0,15.0,15.0,14.0,12.0,11.0,11.0,12.0,12.0,12.0,12.0,12.0,11.0,10.0,10.0,10.0,7.0,8.0,8.0,8.0,8.0,8.0,8.0,6.0
subplanckian,5.0,5.0,6.0,6.0,6.0,7.0,7.0,8.0,8.0,8.0,8.0,8.0,8.0,8.0,8.0,8.0,10.0,10.0,10.0,10.0,10.0,10.0,9.0,7.0,8.0,6.0
outofequilibrium,6.0,6.0,6.0,6.0,8.0,9.0,9.0,9.0,9.0,9.0,7.0,7.0,7.0,7.0,7.0,7.0,7.0,7.0,8.0,8.0,8.0,7.0,7.0,7.0,8.0,6.0
hawkingpage,6.0,7.0,7.0,6.0,6.0,6.0,5.0,5.0,6.0,6.0,6.0,6.0,6.0,6.0,6.0,6.0,6.0,8.0,9.0,9.0,7.0,7.0,7.0,7.0,8.0,6.0
orientifolds,5.0,5.0,4.0,4.0,4.0,4.0,4.0,4.0,5.0,5.0,6.0,9.0,9.0,8.0,8.0,8.0,8.0,8.0,8.0,8.0,9.0,8.0,8.0,8.0,7.0,6.0
doublecopy,7.0,7.0,7.0,8.0,8.0,8.0,8.0,7.0,7.0,5.0,5.0,5.0,6.0,6.0,6.0,6.0,6.0,6.0,7.0,7.0,8.0,7.0,7.0,8.0,7.0,6.0
cohomological,10.0,10.0,10.0,11.0,12.0,12.0,12.0,12.0,12.0,12.0,13.0,13.0,13.0,12.0,12.0,11.0,11.0,9.0,8.0,8.0,8.0,8.0,8.0,7.0,7.0,6.0
regularisation,6.0,6.0,4.0,4.0,5.0,5.0,4.0,4.0,4.0,4.0,4.0,4.0,5.0,5.0,5.0,8.0,9.0,9.0,9.0,9.0,9.0,9.0,7.0,7.0,7.0,6.0
falloff,6.0,6.0,7.0,8.0,8.0,8.0,8.0,8.0,8.0,8.0,8.0,8.0,8.0,6.0,6.0,7.0,5.0,5.0,5.0,5.0,5.0,7.0,7.0,7.0,7.0,6.0
timedependence,10.0,10.0,10.0,8.0,8.0,8.0,6.0,6.0,6.0,6.0,5.0,5.0,5.0,5.0,5.0,5.0,7.0,7.0,7.0,7.0,7.0,6.0,6.0,7.0,7.0,6.0
multiparticle,9.0,9.0,9.0,9.0,7.0,7.0,8.0,8.0,7.0,7.0,7.0,7.0,7.0,7.0,7.0,7.0,7.0,7.0,7.0,7.0,4.0,4.0,5.0,6.0,7.0,6.0
skyrmion,16.0,16.0,16.0,16.0,15.0,15.0,15.0,18.0,17.0,14.0,14.0,14.0,13.0,10.0,9.0,9.0,9.0,9.0,9.0,9.0,9.0,8.0,5.0,5.0,7.0,6.0
antidesitter,6.0,6.0,6.0,6.0,6.0,7.0,6.0,6.0,7.0,7.0,8.0,8.0,8.0,8.0,8.0,8.0,8.0,8.0,9.0,9.0,9.0,9.0,9.0,10.0,6.0,6.0
rt,14.0,14.0,14.0,14.0,14.0,14.0,17.0,17.0,16.0,15.0,11.0,11.0,11.0,11.0,11.0,11.0,9.0,9.0,9.0,9.0,8.0,8.0,8.0,8.0,6.0,6.0
mond,6.0,6.0,6.0,6.0,6.0,5.0,5.0,5.0,5.0,6.0,6.0,6.0,6.0,6.0,8.0,7.0,8.0,8.0,8.0,8.0,8.0,8.0,8.0,8.0,6.0,6.0
legendre,6.0,6.0,6.0,6.0,6.0,5.0,5.0,5.0,5.0,6.0,6.0,9.0,9.0,9.0,9.0,9.0,9.0,9.0,9.0,9.0,9.0,9.0,9.0,7.0,6.0,6.0
uvir,5.0,4.0,4.0,5.0,5.0,5.0,5.0,5.0,6.0,7.0,9.0,9.0,9.0,9.0,9.0,9.0,9.0,9.0,8.0,8.0,8.0,8.0,8.0,7.0,6.0,6.0
langevin,9.0,9.0,9.0,9.0,8.0,8.0,8.0,8.0,7.0,8.0,7.0,5.0,5.0,7.0,7.0,7.0,7.0,8.0,8.0,8.0,9.0,7.0,7.0,7.0,6.0,6.0
munu,6.0,6.0,6.0,6.0,4.0,1.0,1.0,1.0,4.0,4.0,4.0,4.0,4.0,4.0,4.0,6.0,6.0,6.0,6.0,6.0,6.0,7.0,7.0,7.0,6.0,6.0
realtime,7.0,8.0,8.0,8.0,9.0,9.0,9.0,10.0,10.0,10.0,10.0,10.0,9.0,8.0,8.0,9.0,9.0,8.0,8.0,8.0,6.0,6.0,7.0,7.0,6.0,6.0
tachyons,5.0,5.0,5.0,5.0,5.0,6.0,5.0,5.0,5.0,5.0,5.0,5.0,5.0,5.0,5.0,3.0,3.0,5.0,5.0,6.0,6.0,6.0,7.0,7.0,6.0,6.0
leeyang,4.0,4.0,4.0,3.0,3.0,3.0,3.0,3.0,3.0,3.0,3.0,3.0,3.0,3.0,3.0,2.0,2.0,6.0,6.0,6.0,6.0,7.0,8.0,6.0,6.0,6.0
longlived,8.0,8.0,8.0,8.0,9.0,9.0,9.0,9.0,7.0,7.0,6.0,7.0,7.0,7.0,7.0,7.0,7.0,7.0,7.0,7.0,7.0,6.0,8.0,6.0,6.0,6.0
shiftsymmetric,5.0,6.0,6.0,6.0,6.0,8.0,8.0,8.0,8.0,8.0,9.0,8.0,7.0,7.0,5.0,5.0,5.0,5.0,6.0,6.0,6.0,6.0,7.0,6.0,6.0,6.0
newtoncartan,11.0,11.0,12.0,12.0,12.0,12.0,12.0,13.0,11.0,11.0,11.0,11.0,11.0,14.0,14.0,12.0,10.0,9.0,10.0,10.0,10.0,9.0,6.0,6.0,6.0,6.0
cv,9.0,9.0,9.0,9.0,7.0,7.0,11.0,12.0,11.0,11.0,10.0,10.0,10.0,10.0,10.0,10.0,10.0,10.0,10.0,8.0,8.0,8.0,6.0,6.0,6.0,6.0
hitchin,8.0,8.0,8.0,8.0,8.0,8.0,8.0,8.0,8.0,10.0,9.0,8.0,8.0,7.0,7.0,7.0,8.0,8.0,8.0,7.0,8.0,8.0,6.0,6.0,6.0,6.0
endpoints,8.0,8.0,8.0,8.0,7.0,8.0,8.0,8.0,8.0,8.0,8.0,9.0,8.0,8.0,9.0,9.0,9.0,10.0,11.0,9.0,8.0,7.0,6.0,6.0,6.0,6.0
gft,7.0,7.0,7.0,7.0,7.0,7.0,7.0,7.0,7.0,7.0,13.0,13.0,13.0,13.0,13.0,12.0,12.0,12.0,12.0,12.0,12.0,6.0,6.0,6.0,6.0,6.0
ss,8.0,9.0,9.0,9.0,10.0,10.0,10.0,10.0,9.0,9.0,9.0,9.0,9.0,9.0,6.0,6.0,6.0,6.0,6.0,9.0,10.0,6.0,6.0,6.0,6.0,6.0
xy,6.0,6.0,6.0,6.0,7.0,7.0,6.0,6.0,5.0,7.0,7.0,7.0,7.0,7.0,7.0,7.0,9.0,10.0,10.0,7.0,7.0,6.0,6.0,6.0,6.0,6.0
versa,10.0,10.0,10.0,10.0,10.0,9.0,9.0,8.0,8.0,8.0,8.0,8.0,8.0,7.0,7.0,7.0,7.0,7.0,7.0,7.0,7.0,6.0,6.0,6.0,6.0,6.0
twobody,9.0,9.0,9.0,8.0,8.0,8.0,7.0,9.0,9.0,9.0,9.0,9.0,8.0,8.0,6.0,7.0,8.0,8.0,6.0,7.0,7.0,6.0,6.0,6.0,6.0,6.0
einsteinmaxwelldilaton,6.0,6.0,7.0,7.0,7.0,7.0,8.0,6.0,5.0,5.0,6.0,6.0,6.0,6.0,6.0,7.0,7.0,7.0,7.0,7.0,6.0,6.0,6.0,6.0,6.0,6.0
nonriemannian,7.0,7.0,7.0,7.0,6.0,6.0,6.0,5.0,5.0,7.0,7.0,7.0,7.0,9.0,9.0,9.0,5.0,5.0,7.0,7.0,6.0,6.0,6.0,6.0,6.0,6.0
transplanckian,5.0,6.0,6.0,5.0,6.0,6.0,4.0,4.0,4.0,4.0,4.0,4.0,5.0,5.0,5.0,5.0,5.0,4.0,6.0,7.0,6.0,6.0,6.0,6.0,6.0,6.0
parityodd,6.0,5.0,5.0,5.0,5.0,6.0,7.0,7.0,9.0,9.0,5.0,4.0,5.0,5.0,5.0,5.0,5.0,5.0,6.0,6.0,6.0,6.0,6.0,6.0,6.0,6.0
linearised,6.0,6.0,6.0,5.0,6.0,6.0,6.0,5.0,5.0,5.0,5.0,7.0,6.0,6.0,6.0,6.0,6.0,6.0,6.0,5.0,6.0,6.0,6.0,6.0,6.0,6.0
kms,10.0,10.0,10.0,10.0,10.0,10.0,6.0,6.0,6.0,6.0,6.0,4.0,8.0,8.0,8.0,7.0,7.0,7.0,4.0,4.0,6.0,6.0,6.0,6.0,6.0,6.0
matterdominated,6.0,6.0,6.0,4.0,4.0,4.0,4.0,4.0,4.0,4.0,4.0,4.0,2.0,1.0,0.0,0.0,0.0,0.0,2.0,2.0,6.0,6.0,6.0,6.0,6.0,6.0
subluminal,11.0,11.0,11.0,11.0,11.0,11.0,11.0,11.0,11.0,12.0,14.0,14.0,15.0,15.0,10.0,10.0,10.0,10.0,10.0,10.0,4.0,6.0,6.0,6.0,6.0,6.0
nonbps,10.0,10.0,10.0,10.0,9.0,8.0,9.0,8.0,9.0,9.0,8.0,9.0,9.0,9.0,9.0,7.0,6.0,6.0,5.0,4.0,4.0,6.0,6.0,6.0,6.0,6.0
extradimensional,7.0,7.0,7.0,7.0,6.0,6.0,5.0,5.0,5.0,6.0,6.0,6.0,6.0,6.0,6.0,6.0,5.0,5.0,4.0,4.0,4.0,4.0,6.0,6.0,6.0,6.0
superstrings,8.0,9.0,10.0,10.0,10.0,10.0,9.0,9.0,9.0,8.0,8.0,8.0,8.0,7.0,8.0,8.0,7.0,7.0,7.0,7.0,8.0,7.0,5.0,6.0,6.0,6.0
heavyion,10.0,10.0,10.0,10.0,9.0,10.0,11.0,10.0,10.0,10.0,10.0,10.0,9.0,8.0,7.0,7.0,8.0,7.0,8.0,8.0,6.0,6.0,5.0,6.0,6.0,6.0
coarsegraining,5.0,7.0,7.0,7.0,7.0,7.0,7.0,8.0,8.0,8.0,7.0,8.0,8.0,8.0,7.0,6.0,5.0,5.0,5.0,5.0,5.0,5.0,5.0,6.0,6.0,6.0
bunchdavies,4.0,5.0,5.0,6.0,6.0,6.0,6.0,6.0,6.0,6.0,6.0,5.0,6.0,6.0,6.0,6.0,6.0,6.0,6.0,7.0,6.0,7.0,5.0,5.0,6.0,6.0
batalinvilkovisky,5.0,5.0,6.0,6.0,6.0,5.0,5.0,5.0,5.0,5.0,5.0,6.0,6.0,6.0,6.0,6.0,8.0,5.0,5.0,5.0,5.0,5.0,5.0,4.0,6.0,6.0
semiinfinite,5.0,5.0,5.0,4.0,4.0,4.0,3.0,3.0,3.0,3.0,3.0,3.0,3.0,3.0,4.0,5.0,5.0,5.0,5.0,5.0,5.0,4.0,3.0,3.0,6.0,6.0
ryutakayanagi,23.0,23.0,22.0,21.0,21.0,21.0,22.0,22.0,21.0,16.0,15.0,13.0,13.0,13.0,13.0,12.0,13.0,13.0,13.0,13.0,12.0,11.0,11.0,10.0,5.0,6.0
dyson,5.0,5.0,5.0,7.0,7.0,8.0,8.0,8.0,8.0,8.0,8.0,8.0,7.0,7.0,7.0,7.0,6.0,6.0,7.0,6.0,6.0,6.0,6.0,4.0,5.0,6.0
ultracold,12.0,9.0,9.0,8.0,8.0,9.0,8.0,8.0,9.0,9.0,9.0,9.0,8.0,8.0,8.0,7.0,7.0,6.0,6.0,6.0,6.0,6.0,6.0,4.0,5.0,6.0
fieldtheoretic,7.0,7.0,7.0,7.0,5.0,5.0,5.0,5.0,5.0,5.0,5.0,4.0,4.0,4.0,4.0,4.0,4.0,4.0,4.0,3.0,4.0,5.0,5.0,4.0,5.0,6.0
nsns,17.0,17.0,17.0,15.0,17.0,17.0,14.0,14.0,13.0,11.0,8.0,8.0,8.0,7.0,7.0,7.0,7.0,7.0,7.0,7.0,7.0,7.0,7.0,6.0,4.0,6.0
bekenstein,15.0,14.0,15.0,12.0,11.0,11.0,11.0,11.0,11.0,10.0,10.0,10.0,9.0,9.0,9.0,9.0,7.0,7.0,7.0,8.0,7.0,6.0,6.0,4.0,4.0,6.0
coarsegrained,9.0,10.0,8.0,8.0,8.0,8.0,8.0,8.0,8.0,8.0,8.0,7.0,8.0,8.0,8.0,9.0,9.0,8.0,8.0,8.0,7.0,6.0,5.0,4.0,4.0,6.0
spinspin,7.0,7.0,7.0,7.0,6.0,6.0,6.0,6.0,6.0,6.0,5.0,6.0,6.0,6.0,6.0,6.0,6.0,7.0,7.0,3.0,3.0,3.0,3.0,3.0,3.0,6.0
ns,6.0,6.0,6.0,6.0,6.0,6.0,6.0,6.0,6.0,6.0,6.0,5.0,5.0,5.0,7.0,7.0,8.0,8.0,8.0,8.0,9.0,9.0,7.0,7.0,7.0,5.0
hamiltonjacobi,9.0,9.0,10.0,10.0,10.0,10.0,10.0,10.0,10.0,10.0,10.0,10.0,10.0,8.0,6.0,6.0,5.0,5.0,5.0,5.0,5.0,7.0,7.0,7.0,7.0,5.0
vafa,8.0,8.0,9.0,9.0,9.0,9.0,9.0,10.0,10.0,9.0,9.0,8.0,8.0,8.0,7.0,6.0,6.0,6.0,6.0,7.0,6.0,6.0,7.0,7.0,7.0,5.0
multicritical,9.0,9.0,9.0,9.0,9.0,9.0,9.0,9.0,9.0,9.0,9.0,10.0,9.0,10.0,10.0,10.0,11.0,12.0,12.0,12.0,12.0,13.0,9.0,9.0,6.0,5.0
finitesize,11.0,11.0,10.0,12.0,12.0,10.0,10.0,8.0,8.0,9.0,9.0,9.0,9.0,7.0,7.0,7.0,7.0,7.0,8.0,8.0,8.0,7.0,6.0,6.0,6.0,5.0
fayetiliopoulos,11.0,11.0,10.0,9.0,9.0,9.0,10.0,9.0,8.0,8.0,8.0,8.0,8.0,8.0,7.0,7.0,8.0,8.0,8.0,9.0,9.0,6.0,6.0,6.0,6.0,5.0
finsler,8.0,8.0,8.0,8.0,8.0,8.0,10.0,10.0,10.0,10.0,9.0,9.0,9.0,9.0,10.0,10.0,10.0,10.0,10.0,10.0,7.0,8.0,8.0,8.0,5.0,5.0
twoparameter,8.0,8.0,8.0,8.0,8.0,9.0,9.0,8.0,8.0,7.0,7.0,8.0,8.0,8.0,8.0,8.0,8.0,8.0,8.0,8.0,8.0,7.0,7.0,6.0,5.0,5.0
superparticle,7.0,7.0,8.0,10.0,10.0,10.0,10.0,11.0,10.0,10.0,9.0,8.0,8.0,8.0,8.0,8.0,8.0,8.0,8.0,9.0,7.0,7.0,7.0,6.0,5.0,5.0
higgsing,9.0,8.0,8.0,8.0,8.0,8.0,8.0,7.0,7.0,8.0,11.0,11.0,11.0,10.0,10.0,10.0,9.0,9.0,8.0,8.0,9.0,8.0,6.0,6.0,5.0,5.0
luttinger,7.0,7.0,4.0,4.0,4.0,4.0,2.0,2.0,2.0,2.0,2.0,5.0,5.0,5.0,5.0,5.0,5.0,5.0,6.0,6.0,6.0,7.0,6.0,6.0,5.0,5.0
supermassive,5.0,5.0,5.0,5.0,6.0,6.0,6.0,6.0,6.0,6.0,6.0,7.0,8.0,7.0,7.0,7.0,7.0,7.0,6.0,7.0,7.0,6.0,6.0,6.0,5.0,5.0
schroedinger,7.0,7.0,7.0,6.0,6.0,6.0,6.0,6.0,5.0,5.0,6.0,6.0,6.0,9.0,9.0,9.0,7.0,8.0,7.0,7.0,6.0,6.0,6.0,6.0,5.0,5.0
qubit,7.0,7.0,7.0,6.0,6.0,6.0,8.0,8.0,7.0,7.0,7.0,7.0,6.0,6.0,6.0,6.0,4.0,4.0,4.0,4.0,4.0,6.0,6.0,6.0,5.0,5.0
petrov,6.0,6.0,6.0,7.0,7.0,7.0,7.0,6.0,6.0,5.0,3.0,3.0,3.0,3.0,3.0,3.0,3.0,3.0,3.0,5.0,5.0,5.0,6.0,6.0,5.0,5.0
nahm,7.0,7.0,8.0,8.0,8.0,8.0,8.0,8.0,8.0,8.0,9.0,10.0,10.0,10.0,10.0,10.0,10.0,10.0,10.0,10.0,10.0,10.0,8.0,5.0,5.0,5.0
transseries,10.0,10.0,10.0,8.0,8.0,8.0,13.0,13.0,13.0,13.0,12.0,9.0,9.0,8.0,8.0,8.0,8.0,8.0,8.0,8.0,8.0,8.0,8.0,5.0,5.0,5.0
selfforce,14.0,14.0,14.0,10.0,9.0,8.0,8.0,8.0,7.0,7.0,7.0,9.0,9.0,4.0,4.0,4.0,4.0,7.0,7.0,7.0,7.0,7.0,7.0,5.0,5.0,5.0
wavenumber,6.0,6.0,6.0,6.0,6.0,6.0,4.0,4.0,4.0,3.0,3.0,3.0,3.0,3.0,3.0,3.0,6.0,7.0,8.0,8.0,7.0,6.0,6.0,5.0,5.0,5.0
thedeformed,12.0,12.0,12.0,11.0,4.0,4.0,4.0,4.0,4.0,4.0,4.0,5.0,5.0,5.0,9.0,7.0,7.0,7.0,6.0,6.0,6.0,6.0,6.0,5.0,5.0,5.0
wzw,14.0,13.0,13.0,13.0,11.0,11.0,11.0,11.0,10.0,10.0,9.0,7.0,8.0,8.0,8.0,8.0,7.0,6.0,7.0,7.0,4.0,6.0,6.0,5.0,5.0,5.0
strongcoupling,11.0,11.0,11.0,11.0,11.0,10.0,11.0,11.0,12.0,12.0,12.0,12.0,11.0,11.0,10.0,9.0,9.0,8.0,8.0,9.0,10.0,9.0,5.0,5.0,5.0,5.0
domainwall,7.0,7.0,7.0,7.0,7.0,8.0,8.0,8.0,8.0,9.0,9.0,9.0,9.0,9.0,9.0,9.0,9.0,9.0,6.0,7.0,6.0,8.0,5.0,5.0,5.0,5.0
pt,16.0,16.0,13.0,13.0,13.0,13.0,13.0,9.0,9.0,9.0,9.0,9.0,9.0,9.0,9.0,9.0,8.0,5.0,6.0,6.0,7.0,7.0,5.0,5.0,5.0,5.0
superhorizon,7.0,7.0,8.0,8.0,8.0,8.0,8.0,8.0,9.0,9.0,9.0,9.0,10.0,10.0,10.0,10.0,10.0,11.0,11.0,7.0,6.0,5.0,5.0,5.0,5.0,5.0
crepant,7.0,4.0,4.0,4.0,4.0,4.0,5.0,5.0,5.0,7.0,7.0,7.0,7.0,6.0,6.0,6.0,6.0,7.0,6.0,6.0,6.0,5.0,5.0,5.0,5.0,5.0
infty,7.0,7.0,7.0,7.0,7.0,5.0,5.0,5.0,5.0,5.0,5.0,5.0,4.0,4.0,4.0,6.0,6.0,6.0,6.0,6.0,6.0,5.0,5.0,5.0,5.0,5.0
dyon,6.0,6.0,6.0,6.0,6.0,6.0,6.0,6.0,6.0,2.0,2.0,2.0,3.0,3.0,3.0,3.0,3.0,3.0,6.0,6.0,6.0,5.0,5.0,5.0,5.0,5.0
kessence,6.0,6.0,6.0,7.0,7.0,7.0,6.0,6.0,5.0,5.0,6.0,6.0,8.0,8.0,6.0,6.0,5.0,5.0,5.0,5.0,5.0,5.0,5.0,5.0,5.0,5.0
dynkin,6.0,6.0,6.0,6.0,6.0,6.0,6.0,7.0,7.0,7.0,7.0,7.0,7.0,3.0,3.0,5.0,5.0,5.0,5.0,5.0,5.0,5.0,5.0,5.0,5.0,5.0
qnms,10.0,10.0,9.0,9.0,9.0,9.0,6.0,9.0,3.0,3.0,3.0,3.0,3.0,3.0,3.0,3.0,5.0,5.0,5.0,5.0,5.0,5.0,5.0,5.0,5.0,5.0
algebroids,4.0,4.0,4.0,6.0,7.0,7.0,7.0,7.0,6.0,6.0,6.0,5.0,3.0,4.0,4.0,4.0,4.0,4.0,4.0,5.0,5.0,5.0,5.0,5.0,5.0,5.0
faddeev,6.0,6.0,6.0,6.0,6.0,6.0,6.0,6.0,5.0,4.0,4.0,5.0,5.0,5.0,5.0,6.0,4.0,4.0,4.0,4.0,5.0,5.0,5.0,5.0,5.0,5.0
electricmagnetic,9.0,9.0,9.0,9.0,8.0,8.0,8.0,8.0,8.0,8.0,7.0,7.0,8.0,8.0,8.0,8.0,5.0,5.0,5.0,4.0,4.0,5.0,5.0,5.0,5.0,5.0
rastall,9.0,9.0,1.0,1.0,1.0,1.0,1.0,1.0,2.0,2.0,2.0,2.0,2.0,2.0,1.0,1.0,1.0,1.0,1.0,1.0,4.0,5.0,5.0,5.0,5.0,5.0
witt,6.0,6.0,5.0,5.0,5.0,5.0,4.0,4.0,4.0,4.0,4.0,3.0,3.0,3.0,3.0,3.0,3.0,4.0,4.0,4.0,4.0,4.0,5.0,5.0,5.0,5.0
qsc,9.0,9.0,9.0,9.0,9.0,9.0,9.0,9.0,9.0,6.0,6.0,6.0,5.0,7.0,2.0,2.0,2.0,2.0,2.0,2.0,2.0,2.0,5.0,5.0,5.0,5.0
rightmoving,7.0,6.0,6.0,7.0,7.0,6.0,6.0,5.0,5.0,4.0,4.0,4.0,5.0,5.0,7.0,7.0,7.0,6.0,6.0,6.0,5.0,5.0,4.0,5.0,5.0,5.0
antiferromagnetic,8.0,7.0,7.0,7.0,6.0,6.0,6.0,6.0,5.0,5.0,6.0,5.0,5.0,4.0,4.0,4.0,4.0,3.0,3.0,5.0,4.0,4.0,4.0,5.0,5.0,5.0
qubits,9.0,9.0,8.0,9.0,9.0,9.0,9.0,8.0,7.0,7.0,6.0,6.0,6.0,6.0,6.0,6.0,4.0,4.0,4.0,4.0,4.0,4.0,4.0,5.0,5.0,5.0
ramond,12.0,12.0,12.0,11.0,12.0,12.0,10.0,10.0,11.0,11.0,11.0,11.0,10.0,10.0,10.0,10.0,9.0,9.0,9.0,9.0,9.0,4.0,3.0,5.0,5.0,5.0
bessel,16.0,17.0,17.0,14.0,14.0,14.0,14.0,14.0,14.0,14.0,14.0,14.0,14.0,12.0,11.0,10.0,10.0,6.0,6.0,6.0,7.0,3.0,3.0,5.0,5.0,5.0
sds,8.0,8.0,8.0,3.0,3.0,3.0,0.0,0.0,0.0,0.0,0.0,0.0,0.0,0.0,0.0,0.0,0.0,2.0,2.0,2.0,2.0,2.0,2.0,5.0,5.0,5.0
pathintegral,12.0,13.0,14.0,14.0,14.0,15.0,11.0,11.0,11.0,11.0,10.0,10.0,10.0,10.0,10.0,8.0,7.0,6.0,6.0,6.0,6.0,5.0,5.0,4.0,5.0,5.0
glueballs,8.0,8.0,9.0,9.0,8.0,8.0,8.0,7.0,7.0,7.0,6.0,7.0,7.0,7.0,6.0,6.0,6.0,5.0,5.0,5.0,5.0,5.0,5.0,4.0,5.0,5.0
ia,8.0,8.0,8.0,8.0,8.0,7.0,7.0,6.0,7.0,6.0,6.0,6.0,6.0,5.0,5.0,5.0,4.0,4.0,4.0,4.0,4.0,4.0,5.0,4.0,5.0,5.0
adcf,7.0,8.0,8.0,6.0,6.0,6.0,6.0,7.0,7.0,5.0,5.0,5.0,5.0,5.0,5.0,5.0,5.0,5.0,5.0,5.0,6.0,6.0,4.0,4.0,5.0,5.0
tdual,6.0,4.0,4.0,4.0,4.0,4.0,4.0,4.0,4.0,4.0,4.0,4.0,4.0,5.0,5.0,5.0,4.0,4.0,3.0,4.0,4.0,4.0,4.0,4.0,5.0,5.0
schwingerkeldysh,12.0,12.0,12.0,12.0,11.0,9.0,9.0,7.0,5.0,5.0,5.0,5.0,5.0,5.0,5.0,6.0,6.0,6.0,6.0,6.0,7.0,7.0,3.0,3.0,5.0,5.0
symmetrybreaking,11.0,11.0,9.0,9.0,7.0,7.0,8.0,7.0,4.0,5.0,5.0,5.0,5.0,5.0,5.0,5.0,5.0,5.0,4.0,3.0,3.0,3.0,3.0,3.0,5.0,5.0
gases,12.0,12.0,12.0,11.0,11.0,11.0,11.0,11.0,12.0,10.0,10.0,10.0,10.0,10.0,10.0,10.0,10.0,9.0,9.0,9.0,9.0,5.0,5.0,5.0,4.0,5.0
normalizable,6.0,6.0,6.0,6.0,6.0,6.0,6.0,5.0,6.0,6.0,6.0,5.0,5.0,5.0,6.0,4.0,4.0,4.0,4.0,4.0,4.0,4.0,5.0,5.0,4.0,5.0
oneform,7.0,7.0,7.0,10.0,10.0,10.0,8.0,8.0,8.0,7.0,7.0,7.0,7.0,7.0,7.0,7.0,8.0,5.0,4.0,4.0,4.0,4.0,4.0,4.0,4.0,5.0
subsector,9.0,9.0,8.0,7.0,7.0,8.0,7.0,7.0,7.0,7.0,7.0,5.0,5.0,4.0,4.0,4.0,5.0,5.0,5.0,4.0,4.0,4.0,3.0,4.0,4.0,5.0
snyder,12.0,15.0,15.0,15.0,15.0,15.0,15.0,15.0,15.0,16.0,13.0,13.0,13.0,13.0,13.0,13.0,13.0,13.0,13.0,13.0,13.0,13.0,13.0,13.0,7.0,4.0
offdiagonal,12.0,13.0,13.0,12.0,9.0,9.0,9.0,9.0,9.0,8.0,8.0,7.0,7.0,5.0,5.0,5.0,6.0,6.0,6.0,6.0,7.0,6.0,6.0,5.0,5.0,4.0
thefunction,9.0,10.0,9.0,9.0,9.0,11.0,11.0,11.0,8.0,9.0,9.0,9.0,9.0,9.0,9.0,8.0,8.0,7.0,7.0,7.0,7.0,5.0,5.0,5.0,5.0,4.0
amplituhedron,10.0,10.0,6.0,6.0,6.0,6.0,6.0,6.0,6.0,4.0,4.0,7.0,7.0,7.0,7.0,7.0,7.0,7.0,8.0,8.0,5.0,5.0,5.0,5.0,5.0,4.0
tricritical,7.0,7.0,7.0,7.0,7.0,7.0,7.0,7.0,7.0,8.0,8.0,8.0,8.0,8.0,8.0,8.0,8.0,10.0,11.0,11.0,11.0,9.0,9.0,9.0,4.0,4.0
hubbard,10.0,10.0,11.0,11.0,10.0,10.0,10.0,10.0,10.0,10.0,7.0,8.0,8.0,8.0,8.0,8.0,8.0,8.0,8.0,6.0,6.0,6.0,6.0,6.0,4.0,4.0
aharonovbohm,7.0,7.0,7.0,7.0,7.0,8.0,9.0,9.0,8.0,7.0,7.0,7.0,5.0,5.0,6.0,6.0,6.0,5.0,5.0,5.0,6.0,6.0,6.0,6.0,4.0,4.0
stronglycoupled,9.0,9.0,9.0,10.0,10.0,9.0,9.0,9.0,7.0,7.0,7.0,7.0,6.0,7.0,5.0,5.0,5.0,5.0,6.0,5.0,5.0,5.0,5.0,5.0,4.0,4.0
cmera,9.0,9.0,9.0,9.0,9.0,9.0,9.0,9.0,9.0,9.0,2.0,2.0,2.0,2.0,2.0,2.0,1.0,1.0,1.0,1.0,1.0,1.0,1.0,5.0,4.0,4.0
glueball,8.0,8.0,8.0,8.0,9.0,9.0,7.0,7.0,7.0,7.0,5.0,6.0,7.0,7.0,6.0,6.0,7.0,5.0,5.0,5.0,5.0,5.0,5.0,4.0,4.0,4.0
synchronised,9.0,9.0,9.0,9.0,9.0,9.0,9.0,9.0,7.0,7.0,7.0,7.0,6.0,6.0,6.0,6.0,6.0,6.0,6.0,6.0,6.0,9.0,4.0,4.0,4.0,4.0
outoftimeorder,12.0,12.0,12.0,11.0,11.0,12.0,12.0,9.0,9.0,8.0,9.0,9.0,6.0,6.0,6.0,6.0,6.0,6.0,6.0,6.0,6.0,6.0,4.0,4.0,4.0,4.0
leq,9.0,9.0,7.0,7.0,7.0,7.0,7.0,8.0,8.0,8.0,8.0,11.0,11.0,11.0,11.0,11.0,11.0,6.0,5.0,5.0,5.0,5.0,4.0,4.0,4.0,4.0
eigenvectors,9.0,9.0,8.0,9.0,9.0,9.0,6.0,5.0,5.0,6.0,6.0,6.0,6.0,6.0,6.0,5.0,5.0,5.0,5.0,5.0,5.0,4.0,4.0,4.0,4.0,4.0
adler,8.0,8.0,8.0,5.0,5.0,7.0,7.0,8.0,8.0,7.0,7.0,7.0,7.0,7.0,7.0,7.0,7.0,6.0,6.0,5.0,4.0,4.0,4.0,4.0,4.0,4.0
gravitymatter,9.0,9.0,9.0,9.0,9.0,10.0,9.0,11.0,11.0,11.0,9.0,9.0,10.0,10.0,10.0,8.0,6.0,6.0,5.0,5.0,4.0,4.0,4.0,4.0,4.0,4.0
avalifshitz,8.0,8.0,8.0,7.0,7.0,7.0,7.0,7.0,8.0,8.0,6.0,6.0,7.0,7.0,7.0,8.0,5.0,6.0,4.0,4.0,4.0,4.0,4.0,4.0,4.0,4.0
singularityfree,8.0,7.0,7.0,5.0,5.0,4.0,6.0,6.0,6.0,6.0,6.0,6.0,6.0,6.0,6.0,5.0,5.0,5.0,4.0,4.0,4.0,4.0,4.0,4.0,4.0,4.0
xcdm,9.0,9.0,9.0,9.0,9.0,9.0,13.0,13.0,13.0,8.0,8.0,8.0,8.0,6.0,6.0,6.0,4.0,4.0,4.0,4.0,4.0,4.0,4.0,4.0,4.0,4.0
minkowskian,8.0,6.0,6.0,5.0,5.0,5.0,5.0,5.0,4.0,4.0,4.0,4.0,4.0,4.0,4.0,4.0,7.0,6.0,4.0,4.0,3.0,3.0,4.0,4.0,4.0,4.0
crosssection,7.0,7.0,7.0,5.0,7.0,6.0,6.0,6.0,6.0,6.0,6.0,6.0,5.0,5.0,3.0,3.0,3.0,3.0,2.0,2.0,2.0,2.0,4.0,4.0,4.0,4.0
wesszuminowitten,7.0,7.0,8.0,8.0,8.0,6.0,6.0,6.0,6.0,5.0,4.0,5.0,4.0,4.0,4.0,4.0,4.0,4.0,4.0,4.0,4.0,3.0,3.0,4.0,4.0,4.0
higherform,7.0,7.0,7.0,7.0,7.0,7.0,7.0,7.0,7.0,7.0,7.0,5.0,3.0,3.0,3.0,3.0,6.0,6.0,5.0,5.0,3.0,3.0,3.0,4.0,4.0,4.0
compactifying,6.0,6.0,6.0,6.0,7.0,6.0,4.0,4.0,3.0,3.0,3.0,3.0,3.0,3.0,3.0,1.0,1.0,1.0,1.0,1.0,1.0,2.0,3.0,4.0,4.0,4.0
parameterization,8.0,8.0,8.0,9.0,9.0,9.0,10.0,10.0,10.0,7.0,7.0,7.0,7.0,6.0,6.0,6.0,6.0,6.0,6.0,6.0,4.0,3.0,3.0,3.0,4.0,4.0
bcs,7.0,8.0,7.0,7.0,6.0,6.0,5.0,5.0,6.0,6.0,6.0,6.0,6.0,6.0,6.0,4.0,3.0,4.0,4.0,3.0,3.0,3.0,3.0,3.0,4.0,4.0
ofdimensional,9.0,9.0,9.0,9.0,9.0,8.0,7.0,7.0,7.0,7.0,7.0,7.0,6.0,6.0,6.0,4.0,3.0,3.0,3.0,3.0,2.0,1.0,3.0,3.0,4.0,4.0
ln,7.0,7.0,7.0,7.0,4.0,4.0,4.0,4.0,4.0,4.0,4.0,4.0,4.0,4.0,4.0,4.0,4.0,4.0,4.0,4.0,4.0,2.0,2.0,2.0,4.0,4.0
donaldsonthomas,10.0,12.0,12.0,12.0,12.0,12.0,12.0,12.0,12.0,12.0,12.0,12.0,12.0,10.0,10.0,10.0,10.0,10.0,8.0,8.0,8.0,6.0,6.0,3.0,3.0,4.0
scaledependent,7.0,8.0,8.0,8.0,7.0,7.0,7.0,7.0,7.0,7.0,7.0,7.0,8.0,7.0,6.0,6.0,6.0,6.0,6.0,5.0,5.0,5.0,3.0,3.0,3.0,4.0
lqc,11.0,11.0,11.0,11.0,11.0,11.0,11.0,11.0,12.0,12.0,12.0,12.0,8.0,8.0,6.0,6.0,1.0,1.0,1.0,1.0,3.0,3.0,3.0,3.0,3.0,4.0
upto,6.0,6.0,5.0,5.0,5.0,5.0,5.0,5.0,4.0,4.0,4.0,5.0,4.0,4.0,4.0,3.0,3.0,3.0,3.0,3.0,2.0,2.0,2.0,3.0,3.0,4.0
qm,9.0,9.0,9.0,9.0,9.0,9.0,9.0,8.0,8.0,8.0,8.0,8.0,8.0,8.0,8.0,8.0,8.0,8.0,3.0,3.0,3.0,3.0,3.0,0.0,3.0,4.0
associahedron,9.0,9.0,9.0,9.0,9.0,9.0,9.0,9.0,9.0,7.0,7.0,8.0,8.0,8.0,8.0,8.0,8.0,8.0,8.0,8.0,10.0,8.0,8.0,8.0,8.0,3.0
homotopy,17.0,17.0,16.0,16.0,16.0,16.0,15.0,15.0,15.0,15.0,15.0,15.0,14.0,16.0,16.0,16.0,15.0,16.0,14.0,14.0,13.0,13.0,13.0,8.0,3.0,3.0
coadjoint,11.0,11.0,11.0,11.0,11.0,10.0,10.0,10.0,9.0,9.0,9.0,7.0,7.0,7.0,7.0,7.0,7.0,7.0,7.0,7.0,7.0,5.0,5.0,5.0,3.0,3.0
nonflat,11.0,11.0,11.0,11.0,10.0,10.0,12.0,12.0,12.0,7.0,7.0,7.0,7.0,7.0,7.0,6.0,6.0,6.0,7.0,6.0,6.0,5.0,5.0,5.0,3.0,3.0
superluminal,18.0,18.0,18.0,17.0,17.0,17.0,16.0,16.0,16.0,17.0,17.0,17.0,17.0,17.0,11.0,11.0,10.0,10.0,10.0,9.0,3.0,5.0,5.0,5.0,3.0,3.0
homflypt,9.0,8.0,8.0,8.0,8.0,8.0,8.0,8.0,8.0,6.0,7.0,7.0,7.0,6.0,6.0,6.0,6.0,6.0,7.0,7.0,7.0,4.0,4.0,4.0,3.0,3.0
zamolodchikov,9.0,8.0,8.0,8.0,7.0,8.0,8.0,8.0,8.0,5.0,5.0,4.0,4.0,4.0,4.0,4.0,3.0,4.0,4.0,4.0,4.0,4.0,4.0,4.0,3.0,3.0
lesssim,16.0,17.0,16.0,14.0,12.0,12.0,12.0,12.0,12.0,12.0,12.0,12.0,11.0,11.0,12.0,10.0,10.0,4.0,4.0,4.0,4.0,4.0,4.0,3.0,3.0,3.0
qgp,13.0,13.0,13.0,13.0,13.0,15.0,14.0,11.0,11.0,12.0,10.0,10.0,10.0,7.0,7.0,7.0,7.0,7.0,7.0,7.0,4.0,4.0,3.0,3.0,3.0,3.0
calabi,8.0,7.0,4.0,4.0,3.0,3.0,3.0,3.0,3.0,3.0,2.0,3.0,4.0,3.0,4.0,4.0,4.0,4.0,4.0,4.0,4.0,3.0,3.0,3.0,3.0,3.0
yau,8.0,7.0,4.0,4.0,3.0,3.0,3.0,3.0,3.0,3.0,1.0,2.0,3.0,3.0,4.0,4.0,4.0,4.0,4.0,4.0,4.0,3.0,3.0,3.0,3.0,3.0
ricciflat,9.0,9.0,8.0,8.0,8.0,8.0,8.0,8.0,6.0,6.0,7.0,7.0,4.0,4.0,4.0,3.0,3.0,3.0,3.0,4.0,4.0,3.0,3.0,3.0,3.0,3.0
egb,12.0,5.0,5.0,3.0,3.0,0.0,0.0,0.0,0.0,0.0,0.0,0.0,0.0,0.0,0.0,3.0,3.0,3.0,3.0,3.0,3.0,3.0,3.0,3.0,3.0,3.0
jt,13.0,13.0,13.0,11.0,11.0,11.0,10.0,10.0,10.0,10.0,10.0,8.0,3.0,3.0,2.0,2.0,2.0,2.0,2.0,2.0,2.0,3.0,3.0,3.0,3.0,3.0
twocomponent,8.0,7.0,7.0,7.0,5.0,5.0,5.0,5.0,5.0,5.0,4.0,4.0,2.0,2.0,3.0,3.0,3.0,3.0,2.0,2.0,2.0,3.0,2.0,2.0,3.0,3.0
nambu,11.0,12.0,12.0,13.0,12.0,12.0,11.0,11.0,10.0,10.0,10.0,8.0,8.0,6.0,6.0,6.0,4.0,4.0,4.0,3.0,3.0,2.0,2.0,2.0,3.0,3.0
grosspitaevskii,8.0,6.0,6.0,4.0,4.0,4.0,4.0,4.0,4.0,4.0,4.0,4.0,4.0,4.0,4.0,4.0,5.0,4.0,4.0,4.0,4.0,3.0,3.0,2.0,2.0,3.0
waveforms,8.0,9.0,9.0,9.0,9.0,8.0,8.0,8.0,8.0,8.0,6.0,6.0,6.0,4.0,3.0,3.0,3.0,3.0,3.0,3.0,3.0,1.0,1.0,1.0,1.0,3.0
noscale,12.0,12.0,12.0,12.0,12.0,13.0,11.0,11.0,11.0,11.0,11.0,11.0,11.0,9.0,9.0,9.0,9.0,9.0,9.0,10.0,10.0,8.0,8.0,8.0,7.0,2.0
kinkantikink,12.0,12.0,10.0,10.0,7.0,7.0,7.0,7.0,7.0,7.0,7.0,7.0,7.0,7.0,7.0,8.0,8.0,8.0,8.0,7.0,6.0,6.0,6.0,6.0,5.0,2.0
ppwaves,10.0,10.0,10.0,10.0,10.0,9.0,5.0,5.0,4.0,4.0,4.0,4.0,4.0,4.0,5.0,6.0,6.0,4.0,4.0,4.0,4.0,4.0,4.0,4.0,4.0,2.0
rederive,9.0,9.0,9.0,9.0,8.0,8.0,8.0,8.0,7.0,7.0,8.0,8.0,8.0,8.0,7.0,8.0,8.0,7.0,7.0,5.0,5.0,5.0,4.0,4.0,3.0,2.0
vaidya,10.0,10.0,11.0,11.0,9.0,6.0,5.0,5.0,5.0,5.0,5.0,6.0,6.0,6.0,6.0,6.0,6.0,6.0,5.0,3.0,3.0,3.0,3.0,3.0,3.0,2.0
cobordism,10.0,10.0,10.0,10.0,10.0,10.0,10.0,5.0,5.0,6.0,6.0,6.0,6.0,7.0,7.0,7.0,7.0,7.0,4.0,4.0,4.0,3.0,3.0,3.0,2.0,2.0
wouldbe,10.0,10.0,10.0,10.0,8.0,8.0,8.0,6.0,5.0,5.0,4.0,4.0,4.0,4.0,3.0,3.0,3.0,3.0,4.0,4.0,4.0,2.0,2.0,2.0,2.0,2.0
laughlin,10.0,10.0,10.0,11.0,11.0,11.0,9.0,9.0,9.0,9.0,9.0,3.0,3.0,3.0,4.0,4.0,4.0,4.0,4.0,4.0,2.0,2.0,2.0,2.0,2.0,2.0
tqfts,8.0,7.0,7.0,7.0,7.0,7.0,7.0,6.0,6.0,6.0,6.0,6.0,6.0,5.0,5.0,3.0,2.0,1.0,1.0,1.0,2.0,2.0,2.0,2.0,2.0,2.0
superradiance,11.0,11.0,10.0,10.0,10.0,9.0,9.0,9.0,5.0,5.0,3.0,3.0,3.0,3.0,2.0,1.0,1.0,1.0,1.0,1.0,1.0,2.0,2.0,2.0,2.0,2.0
lorentzinvariant,9.0,8.0,8.0,8.0,8.0,8.0,8.0,8.0,5.0,3.0,3.0,4.0,3.0,3.0,3.0,3.0,3.0,3.0,3.0,3.0,1.0,1.0,1.0,2.0,2.0,2.0
minisuperspace,11.0,10.0,11.0,11.0,11.0,11.0,7.0,7.0,7.0,7.0,7.0,7.0,6.0,6.0,6.0,6.0,6.0,6.0,5.0,4.0,3.0,3.0,2.0,1.0,1.0,2.0
racah,21.0,20.0,16.0,13.0,13.0,13.0,13.0,14.0,14.0,14.0,14.0,14.0,14.0,14.0,14.0,9.0,9.0,9.0,9.0,9.0,9.0,7.0,5.0,5.0,3.0,1.0
ligovirgo,12.0,12.0,12.0,12.0,13.0,12.0,12.0,12.0,12.0,11.0,8.0,8.0,6.0,6.0,5.0,4.0,4.0,4.0,2.0,2.0,2.0,2.0,2.0,2.0,1.0,1.0
mordellweil,15.0,15.0,15.0,15.0,15.0,15.0,15.0,15.0,15.0,15.0,15.0,13.0,13.0,6.0,6.0,5.0,4.0,4.0,4.0,4.0,4.0,3.0,3.0,1.0,1.0,1.0
wightman,16.0,15.0,12.0,9.0,8.0,8.0,7.0,7.0,5.0,2.0,2.0,2.0,2.0,2.0,2.0,2.0,3.0,3.0,2.0,2.0,2.0,1.0,1.0,1.0,1.0,1.0
carrollian,12.0,12.0,12.0,12.0,12.0,12.0,12.0,10.0,10.0,10.0,10.0,10.0,3.0,0.0,0.0,0.0,0.0,0.0,0.0,0.0,0.0,0.0,0.0,1.0,1.0,1.0
fqh,8.0,8.0,8.0,8.0,8.0,8.0,8.0,8.0,8.0,8.0,8.0,4.0,4.0,4.0,4.0,0.0,0.0,0.0,0.0,0.0,0.0,0.0,0.0,0.0,0.0,0.0
